CODE,AREA,AGE GROUP,2018,2019
E06000001,Hartlepool,70-74,"4,637","4,902"
E06000002,Middlesbrough,70-74,"5,857","6,012"
E06000003,Redcar and Cleveland,70-74,"8,333","8,552"
E06000004,Stockton-on-Tees,70-74,"9,456","9,699"
E06000005,Darlington,70-74,"5,740","5,930"
E06000006,Halton,70-74,"6,411","6,720"
E06000007,Warrington,70-74,"10,746","10,834"
E06000008,Blackburn with Darwen,70-74,"5,800","5,993"
E06000009,Blackpool,70-74,"7,680","7,870"
E06000010,"Kingston upon Hull, City of",70-74,"10,326","10,705"
E06000011,East Riding of Yorkshire,70-74,"24,403","25,166"
E06000012,North East Lincolnshire,70-74,"8,569","8,778"
E06000013,North Lincolnshire,70-74,"9,692","9,973"
E06000014,York,70-74,"10,156","10,364"
E06000015,Derby,70-74,"10,791","10,902"
E06000016,Leicester,70-74,"10,122","10,549"
E06000017,Rutland,70-74,"2,680","2,738"
E06000018,Nottingham,70-74,"9,563","9,782"
E06000019,"Herefordshire, County of",70-74,"12,463","12,806"
E06000020,Telford and Wrekin,70-74,"8,274","8,584"
E06000021,Stoke-on-Trent,70-74,"11,804","12,149"
E06000022,Bath and North East Somerset,70-74,"9,605","9,716"
E06000023,"Bristol, City of",70-74,"15,083","15,367"
E06000024,North Somerset,70-74,"14,069","14,299"
E06000025,South Gloucestershire,70-74,"14,179","14,110"
E06000026,Plymouth,70-74,"13,030","13,243"
E06000027,Torbay,70-74,"9,840","10,048"
E06000028,Bournemouth,70-74,"9,054","9,194"
E06000029,Poole,70-74,"9,060","9,184"
E06000030,Swindon,70-74,"9,364","9,577"
E06000031,Peterborough,70-74,"7,681","7,881"
E06000032,Luton,70-74,"6,299","6,435"
E06000033,Southend-on-Sea,70-74,"9,451","9,592"
E06000034,Thurrock,70-74,"6,595","6,757"
E06000035,Medway,70-74,"12,463","12,755"
E06000036,Bracknell Forest,70-74,"4,792","4,913"
E06000037,West Berkshire,70-74,"8,336","8,533"
E06000038,Reading,70-74,"5,093","5,202"
E06000039,Slough,70-74,"3,420","3,572"
E06000040,Windsor and Maidenhead,70-74,"7,331","7,437"
E06000041,Wokingham,70-74,"8,001","7,996"
E06000042,Milton Keynes,70-74,"9,870","10,287"
E06000043,Brighton and Hove,70-74,"9,963","10,117"
E06000044,Portsmouth,70-74,"8,148","8,373"
E06000045,Southampton,70-74,"8,732","8,939"
E06000046,Isle of Wight,70-74,"11,112","11,361"
E06000047,County Durham,70-74,"30,125","30,832"
E06000049,Cheshire East,70-74,"23,639","24,051"
E06000050,Cheshire West and Chester,70-74,"19,822","20,390"
E06000051,Shropshire,70-74,"21,289","21,684"
E06000052,Cornwall,70-74,"39,738","40,722"
E06000053,Isles of Scilly,70-74,170,155
E06000054,Wiltshire,70-74,"28,766","29,405"
E06000055,Bedford,70-74,"7,945","8,148"
E06000056,Central Bedfordshire,70-74,"14,163","14,411"
E06000057,Northumberland,70-74,"21,537","22,227"
E07000004,Aylesbury Vale,70-74,"9,007","9,362"
E07000005,Chiltern,70-74,"5,293","5,222"
E07000006,South Bucks,70-74,"3,592","3,598"
E07000007,Wycombe,70-74,"8,534","8,533"
E07000008,Cambridge,70-74,"3,841","3,981"
E07000009,East Cambridgeshire,70-74,"4,946","5,087"
E07000010,Fenland,70-74,"6,244","6,424"
E07000011,Huntingdonshire,70-74,"9,912","10,187"
E07000012,South Cambridgeshire,70-74,"8,380","8,587"
E07000026,Allerdale,70-74,"6,321","6,519"
E07000027,Barrow-in-Furness,70-74,"4,020","4,075"
E07000028,Carlisle,70-74,"6,043","6,267"
E07000029,Copeland,70-74,"4,127","4,188"
E07000030,Eden,70-74,"3,805","3,854"
E07000031,South Lakeland,70-74,"8,058","8,193"
E07000032,Amber Valley,70-74,"7,986","8,161"
E07000033,Bolsover,70-74,"4,515","4,495"
E07000034,Chesterfield,70-74,"5,964","5,971"
E07000035,Derbyshire Dales,70-74,"5,434","5,451"
E07000036,Erewash,70-74,"6,389","6,408"
E07000037,High Peak,70-74,"5,454","5,541"
E07000038,North East Derbyshire,70-74,"7,096","7,187"
E07000039,South Derbyshire,70-74,"5,434","5,557"
E07000040,East Devon,70-74,"11,563","11,905"
E07000041,Exeter,70-74,"5,258","5,456"
E07000042,Mid Devon,70-74,"5,170","5,285"
E07000043,North Devon,70-74,"6,724","6,902"
E07000044,South Hams,70-74,"6,856","6,983"
E07000045,Teignbridge,70-74,"9,682","9,918"
E07000046,Torridge,70-74,"5,145","5,229"
E07000047,West Devon,70-74,"4,392","4,432"
E07000048,Christchurch,70-74,"4,170","4,194"
E07000049,East Dorset,70-74,"7,667","7,710"
E07000050,North Dorset,70-74,"5,063","5,195"
E07000051,Purbeck,70-74,"3,639","3,704"
E07000052,West Dorset,70-74,"8,414","8,588"
E07000053,Weymouth and Portland,70-74,"4,755","4,840"
E07000061,Eastbourne,70-74,"6,690","6,896"
E07000062,Hastings,70-74,"5,169","5,374"
E07000063,Lewes,70-74,"6,858","7,040"
E07000064,Rother,70-74,"8,397","8,537"
E07000065,Wealden,70-74,"11,670","11,804"
E07000066,Basildon,70-74,"8,659","8,827"
E07000067,Braintree,70-74,"8,629","8,820"
E07000068,Brentwood,70-74,"4,094","4,085"
E07000069,Castle Point,70-74,"6,560","6,659"
E07000070,Chelmsford,70-74,"9,460","9,586"
E07000071,Colchester,70-74,"9,301","9,509"
E07000072,Epping Forest,70-74,"6,874","6,893"
E07000073,Harlow,70-74,"3,283","3,323"
E07000074,Maldon,70-74,"4,719","4,820"
E07000075,Rochford,70-74,"5,701","5,824"
E07000076,Tendring,70-74,"12,245","12,470"
E07000077,Uttlesford,70-74,"4,776","4,853"
E07000078,Cheltenham,70-74,"5,686","5,901"
E07000079,Cotswold,70-74,"6,131","6,249"
E07000080,Forest of Dean,70-74,"5,829","5,945"
E07000081,Gloucester,70-74,"5,666","5,804"
E07000082,Stroud,70-74,"7,211","7,459"
E07000083,Tewkesbury,70-74,"5,439","5,558"
E07000084,Basingstoke and Deane,70-74,"8,500","8,689"
E07000085,East Hampshire,70-74,"7,630","7,830"
E07000086,Eastleigh,70-74,"6,820","7,027"
E07000087,Fareham,70-74,"7,410","7,485"
E07000088,Gosport,70-74,"4,730","4,950"
E07000089,Hart,70-74,"5,251","5,300"
E07000090,Havant,70-74,"7,877","8,048"
E07000091,New Forest,70-74,"13,698","13,955"
E07000092,Rushmoor,70-74,"3,767","3,826"
E07000093,Test Valley,70-74,"7,493","7,586"
E07000094,Winchester,70-74,"6,965","7,121"
E07000095,Broxbourne,70-74,"4,615","4,619"
E07000096,Dacorum,70-74,"6,815","6,960"
E07000098,Hertsmere,70-74,"4,888","5,005"
E07000099,North Hertfordshire,70-74,"6,497","6,631"
E07000102,Three Rivers,70-74,"4,424","4,451"
E07000103,Watford,70-74,"3,132","3,199"
E07000105,Ashford,70-74,"7,119","7,258"
E07000106,Canterbury,70-74,"9,091","9,362"
E07000107,Dartford,70-74,"4,060","4,067"
E07000108,Dover,70-74,"7,744","7,953"
E07000109,Gravesham,70-74,"4,815","4,896"
E07000110,Maidstone,70-74,"9,053","9,250"
E07000111,Sevenoaks,70-74,"6,979","7,059"
E07000112,Folkestone and Hythe,70-74,"7,795","8,042"
E07000113,Swale,70-74,"8,279","8,430"
E07000114,Thanet,70-74,"9,332","9,469"
E07000115,Tonbridge and Malling,70-74,"6,818","6,773"
E07000116,Tunbridge Wells,70-74,"5,954","6,143"
E07000117,Burnley,70-74,"4,623","4,817"
E07000118,Chorley,70-74,"6,752","6,895"
E07000119,Fylde,70-74,"5,927","6,075"
E07000120,Hyndburn,70-74,"4,210","4,362"
E07000121,Lancaster,70-74,"7,693","7,923"
E07000122,Pendle,70-74,"4,704","4,820"
E07000123,Preston,70-74,"5,198","5,329"
E07000124,Ribble Valley,70-74,"3,917","4,047"
E07000125,Rossendale,70-74,"3,755","3,844"
E07000126,South Ribble,70-74,"6,490","6,594"
E07000127,West Lancashire,70-74,"6,827","6,904"
E07000128,Wyre,70-74,"8,165","8,379"
E07000129,Blaby,70-74,"5,575","5,668"
E07000130,Charnwood,70-74,"8,895","9,113"
E07000131,Harborough,70-74,"5,692","5,789"
E07000132,Hinckley and Bosworth,70-74,"6,842","7,113"
E07000133,Melton,70-74,"3,232","3,328"
E07000134,North West Leicestershire,70-74,"5,991","6,102"
E07000135,Oadby and Wigston,70-74,"2,956","3,050"
E07000136,Boston,70-74,"3,926","3,963"
E07000137,East Lindsey,70-74,"12,212","12,290"
E07000138,Lincoln,70-74,"3,893","4,006"
E07000139,North Kesteven,70-74,"7,629","7,703"
E07000140,South Holland,70-74,"6,174","6,332"
E07000141,South Kesteven,70-74,"9,071","9,208"
E07000142,West Lindsey,70-74,"6,703","6,735"
E07000143,Breckland,70-74,"9,598","9,799"
E07000144,Broadland,70-74,"9,136","9,345"
E07000145,Great Yarmouth,70-74,"6,755","6,831"
E07000146,King's Lynn and West Norfolk,70-74,"10,803","11,030"
E07000147,North Norfolk,70-74,"9,389","9,481"
E07000148,Norwich,70-74,"5,397","5,469"
E07000149,South Norfolk,70-74,"9,279","9,343"
E07000150,Corby,70-74,"2,708","2,773"
E07000151,Daventry,70-74,"5,040","5,142"
E07000152,East Northamptonshire,70-74,"5,541","5,789"
E07000153,Kettering,70-74,"5,333","5,529"
E07000154,Northampton,70-74,"9,293","9,485"
E07000155,South Northamptonshire,70-74,"5,652","5,830"
E07000156,Wellingborough,70-74,"4,365","4,452"
E07000163,Craven,70-74,"4,100","4,190"
E07000164,Hambleton,70-74,"6,530","6,625"
E07000165,Harrogate,70-74,"9,859","10,110"
E07000166,Richmondshire,70-74,"3,116","3,227"
E07000167,Ryedale,70-74,"4,003","4,023"
E07000168,Scarborough,70-74,"8,073","8,284"
E07000169,Selby,70-74,"5,013","5,228"
E07000170,Ashfield,70-74,"6,688","6,713"
E07000171,Bassetlaw,70-74,"7,139","7,325"
E07000172,Broxtowe,70-74,"6,639","6,703"
E07000173,Gedling,70-74,"6,571","6,769"
E07000174,Mansfield,70-74,"5,596","5,717"
E07000175,Newark and Sherwood,70-74,"7,479","7,571"
E07000176,Rushcliffe,70-74,"6,702","6,781"
E07000177,Cherwell,70-74,"7,034","7,267"
E07000178,Oxford,70-74,"4,633","4,757"
E07000179,South Oxfordshire,70-74,"7,940","8,003"
E07000180,Vale of White Horse,70-74,"7,125","7,298"
E07000181,West Oxfordshire,70-74,"6,338","6,436"
E07000187,Mendip,70-74,"7,159","7,380"
E07000188,Sedgemoor,70-74,"7,778","8,088"
E07000189,South Somerset,70-74,"11,463","11,769"
E07000190,Taunton Deane,70-74,"6,999","7,249"
E07000191,West Somerset,70-74,"3,236","3,253"
E07000192,Cannock Chase,70-74,"5,264","5,326"
E07000193,East Staffordshire,70-74,"6,143","6,164"
E07000194,Lichfield,70-74,"7,253","7,155"
E07000195,Newcastle-under-Lyme,70-74,"7,160","7,233"
E07000196,South Staffordshire,70-74,"7,372","7,401"
E07000197,Stafford,70-74,"8,264","8,399"
E07000198,Staffordshire Moorlands,70-74,"6,946","7,048"
E07000199,Tamworth,70-74,"4,096","4,171"
E07000200,Babergh,70-74,"6,679","6,746"
E07000201,Forest Heath,70-74,"3,212","3,321"
E07000202,Ipswich,70-74,"5,721","5,882"
E07000203,Mid Suffolk,70-74,"6,991","7,205"
E07000204,St Edmundsbury,70-74,"7,081","7,152"
E07000205,Suffolk Coastal,70-74,"9,610","9,916"
E07000206,Waveney,70-74,"8,878","9,039"
E07000207,Elmbridge,70-74,"6,342","6,490"
E07000208,Epsom and Ewell,70-74,"3,786","3,891"
E07000209,Guildford,70-74,"6,485","6,624"
E07000210,Mole Valley,70-74,"5,404","5,376"
E07000211,Reigate and Banstead,70-74,"6,983","7,099"
E07000212,Runnymede,70-74,"3,858","3,873"
E07000213,Spelthorne,70-74,"4,715","4,760"
E07000214,Surrey Heath,70-74,"4,534","4,535"
E07000215,Tandridge,70-74,"4,908","4,956"
E07000216,Waverley,70-74,"7,096","7,159"
E07000217,Woking,70-74,"4,306","4,421"
E07000218,North Warwickshire,70-74,"3,970","4,039"
E07000219,Nuneaton and Bedworth,70-74,"6,906","6,895"
E07000220,Rugby,70-74,"5,568","5,540"
E07000221,Stratford-on-Avon,70-74,"9,042","9,082"
E07000222,Warwick,70-74,"6,982","7,097"
E07000223,Adur,70-74,"3,969","4,078"
E07000224,Arun,70-74,"12,376","12,800"
E07000225,Chichester,70-74,"8,598","8,751"
E07000226,Crawley,70-74,"3,786","3,971"
E07000227,Horsham,70-74,"8,467","8,684"
E07000228,Mid Sussex,70-74,"8,297","8,319"
E07000229,Worthing,70-74,"6,491","6,688"
E07000234,Bromsgrove,70-74,"5,811","5,790"
E07000235,Malvern Hills,70-74,"5,852","5,941"
E07000236,Redditch,70-74,"4,324","4,482"
E07000237,Worcester,70-74,"4,503","4,675"
E07000238,Wychavon,70-74,"8,735","8,960"
E07000239,Wyre Forest,70-74,"7,120","7,240"
E07000240,St Albans,70-74,"6,504","6,488"
E07000241,Welwyn Hatfield,70-74,"4,664","4,672"
E07000242,East Hertfordshire,70-74,"7,087","7,287"
E07000243,Stevenage,70-74,"3,346","3,371"
E08000001,Bolton,70-74,"13,638","13,869"
E08000002,Bury,70-74,"9,645","9,775"
E08000003,Manchester,70-74,"12,754","13,071"
E08000004,Oldham,70-74,"10,404","10,437"
E08000005,Rochdale,70-74,"9,637","9,908"
E08000006,Salford,70-74,"9,636","9,815"
E08000007,Stockport,70-74,"15,142","15,459"
E08000008,Tameside,70-74,"11,152","11,353"
E08000009,Trafford,70-74,"10,362","10,456"
E08000010,Wigan,70-74,"17,962","18,366"
E08000011,Knowsley,70-74,"6,270","6,473"
E08000012,Liverpool,70-74,"18,384","18,928"
E08000013,St. Helens,70-74,"10,255","10,361"
E08000014,Sefton,70-74,"16,211","16,448"
E08000015,Wirral,70-74,"18,319","18,777"
E08000016,Barnsley,70-74,"13,088","13,335"
E08000017,Doncaster,70-74,"15,811","16,239"
E08000018,Rotherham,70-74,"14,335","14,407"
E08000019,Sheffield,70-74,"24,714","24,676"
E08000021,Newcastle upon Tyne,70-74,"11,004","11,353"
E08000022,North Tyneside,70-74,"11,178","11,455"
E08000023,South Tyneside,70-74,"7,823","8,162"
E08000024,Sunderland,70-74,"14,328","14,904"
E08000025,Birmingham,70-74,"36,104","36,167"
E08000026,Coventry,70-74,"12,859","12,837"
E08000027,Dudley,70-74,"17,177","17,081"
E08000028,Sandwell,70-74,"12,261","12,335"
E08000029,Solihull,70-74,"12,054","12,081"
E08000030,Walsall,70-74,"12,663","12,656"
E08000031,Wolverhampton,70-74,"10,476","10,491"
E08000032,Bradford,70-74,"20,169","20,917"
E08000033,Calderdale,70-74,"10,782","11,054"
E08000034,Kirklees,70-74,"20,957","21,596"
E08000035,Leeds,70-74,"32,199","32,988"
E08000036,Wakefield,70-74,"18,059","18,351"
E08000037,Gateshead,70-74,"10,343","10,552"
E09000001,City of London,70-74,390,420
E09000002,Barking and Dagenham,70-74,"4,699","4,786"
E09000003,Barnet,70-74,"14,261","14,471"
E09000004,Bexley,70-74,"10,179","10,299"
E09000005,Brent,70-74,"9,559","9,878"
E09000006,Bromley,70-74,"15,031","15,407"
E09000007,Camden,70-74,"8,202","8,495"
E09000008,Croydon,70-74,"13,131","13,383"
E09000009,Ealing,70-74,"10,401","10,879"
E09000010,Enfield,70-74,"10,864","10,910"
E09000011,Greenwich,70-74,"7,885","8,093"
E09000012,Hackney,70-74,"5,271","5,492"
E09000013,Hammersmith and Fulham,70-74,"5,245","5,447"
E09000014,Haringey,70-74,"6,878","7,202"
E09000015,Harrow,70-74,"9,598","9,762"
E09000016,Havering,70-74,"11,796","11,966"
E09000017,Hillingdon,70-74,"10,256","10,423"
E09000018,Hounslow,70-74,"8,198","8,553"
E09000019,Islington,70-74,"5,471","5,622"
E09000020,Kensington and Chelsea,70-74,"6,571","6,726"
E09000021,Kingston upon Thames,70-74,"6,193","6,439"
E09000022,Lambeth,70-74,"6,403","6,643"
E09000023,Lewisham,70-74,"6,887","7,066"
E09000024,Merton,70-74,"6,331","6,658"
E09000025,Newham,70-74,"6,320","6,531"
E09000026,Redbridge,70-74,"9,287","9,538"
E09000027,Richmond upon Thames,70-74,"8,335","8,464"
E09000028,Southwark,70-74,"6,566","6,840"
E09000029,Sutton,70-74,"8,186","8,351"
E09000030,Tower Hamlets,70-74,"4,623","4,961"
E09000031,Waltham Forest,70-74,"7,209","7,433"
E09000032,Wandsworth,70-74,"7,760","8,155"
E09000033,Westminster,70-74,"7,861","8,131"
E06000001,Hartlepool,75-79,"3,082","3,099"
E06000002,Middlesbrough,75-79,"4,158","4,205"
E06000003,Redcar and Cleveland,75-79,"5,848","5,998"
E06000004,Stockton-on-Tees,75-79,"6,413","6,547"
E06000005,Darlington,75-79,"3,937","3,990"
E06000006,Halton,75-79,"4,025","4,198"
E06000007,Warrington,75-79,"7,639","7,861"
E06000008,Blackburn with Darwen,75-79,"3,892","3,904"
E06000009,Blackpool,75-79,"5,438","5,532"
E06000010,"Kingston upon Hull, City of",75-79,"6,888","6,881"
E06000011,East Riding of Yorkshire,75-79,"16,123","16,744"
E06000012,North East Lincolnshire,75-79,"5,927","6,107"
E06000013,North Lincolnshire,75-79,"6,585","6,825"
E06000014,York,75-79,"6,946","7,179"
E06000015,Derby,75-79,"7,532","7,827"
E06000016,Leicester,75-79,"7,280","7,390"
E06000017,Rutland,75-79,"1,877","1,978"
E06000018,Nottingham,75-79,"6,590","6,729"
E06000019,"Herefordshire, County of",75-79,"8,573","9,058"
E06000020,Telford and Wrekin,75-79,"5,750","6,011"
E06000021,Stoke-on-Trent,75-79,"8,191","8,504"
E06000022,Bath and North East Somerset,75-79,"6,569","6,883"
E06000023,"Bristol, City of",75-79,"10,849","10,981"
E06000024,North Somerset,75-79,"9,374","9,954"
E06000025,South Gloucestershire,75-79,"10,152","10,726"
E06000026,Plymouth,75-79,"8,895","9,228"
E06000027,Torbay,75-79,"6,606","7,045"
E06000028,Bournemouth,75-79,"6,109","6,291"
E06000029,Poole,75-79,"6,117","6,403"
E06000030,Swindon,75-79,"6,330","6,571"
E06000031,Peterborough,75-79,"5,118","5,334"
E06000032,Luton,75-79,"4,899","4,851"
E06000033,Southend-on-Sea,75-79,"6,232","6,530"
E06000034,Thurrock,75-79,"4,203","4,333"
E06000035,Medway,75-79,"7,968","8,317"
E06000036,Bracknell Forest,75-79,"2,958","3,115"
E06000037,West Berkshire,75-79,"5,440","5,772"
E06000038,Reading,75-79,"3,615","3,799"
E06000039,Slough,75-79,"2,678","2,698"
E06000040,Windsor and Maidenhead,75-79,"5,077","5,291"
E06000041,Wokingham,75-79,"5,418","5,722"
E06000042,Milton Keynes,75-79,"6,374","6,705"
E06000043,Brighton and Hove,75-79,"6,660","6,934"
E06000044,Portsmouth,75-79,"5,436","5,550"
E06000045,Southampton,75-79,"6,021","6,149"
E06000046,Isle of Wight,75-79,"7,309","7,798"
E06000047,County Durham,75-79,"19,870","20,789"
E06000049,Cheshire East,75-79,"15,995","16,974"
E06000050,Cheshire West and Chester,75-79,"13,571","14,117"
E06000051,Shropshire,75-79,"14,622","15,628"
E06000052,Cornwall,75-79,"25,246","26,956"
E06000053,Isles of Scilly,75-79,105,110
E06000054,Wiltshire,75-79,"19,461","20,551"
E06000055,Bedford,75-79,"5,290","5,595"
E06000056,Central Bedfordshire,75-79,"9,053","9,751"
E06000057,Northumberland,75-79,"14,037","14,741"
E07000004,Aylesbury Vale,75-79,"6,066","6,360"
E07000005,Chiltern,75-79,"3,751","3,923"
E07000006,South Bucks,75-79,"2,750","2,776"
E07000007,Wycombe,75-79,"6,086","6,427"
E07000008,Cambridge,75-79,"2,762","2,847"
E07000009,East Cambridgeshire,75-79,"3,184","3,416"
E07000010,Fenland,75-79,"4,169","4,342"
E07000011,Huntingdonshire,75-79,"6,470","6,814"
E07000012,South Cambridgeshire,75-79,"5,529","5,768"
E07000026,Allerdale,75-79,"4,424","4,598"
E07000027,Barrow-in-Furness,75-79,"2,897","2,970"
E07000028,Carlisle,75-79,"4,337","4,527"
E07000029,Copeland,75-79,"2,851","2,952"
E07000030,Eden,75-79,"2,570","2,663"
E07000031,South Lakeland,75-79,"5,418","5,704"
E07000032,Amber Valley,75-79,"5,140","5,473"
E07000033,Bolsover,75-79,"2,972","3,163"
E07000034,Chesterfield,75-79,"4,037","4,271"
E07000035,Derbyshire Dales,75-79,"3,505","3,796"
E07000036,Erewash,75-79,"4,299","4,611"
E07000037,High Peak,75-79,"3,497","3,745"
E07000038,North East Derbyshire,75-79,"4,800","5,082"
E07000039,South Derbyshire,75-79,"3,423","3,676"
E07000040,East Devon,75-79,"8,117","8,563"
E07000041,Exeter,75-79,"3,776","3,890"
E07000042,Mid Devon,75-79,"3,486","3,704"
E07000043,North Devon,75-79,"4,523","4,778"
E07000044,South Hams,75-79,"4,293","4,570"
E07000045,Teignbridge,75-79,"6,268","6,659"
E07000046,Torridge,75-79,"3,319","3,590"
E07000047,West Devon,75-79,"2,717","2,931"
E07000048,Christchurch,75-79,"2,888","3,095"
E07000049,East Dorset,75-79,"5,212","5,581"
E07000050,North Dorset,75-79,"3,388","3,558"
E07000051,Purbeck,75-79,"2,440","2,602"
E07000052,West Dorset,75-79,"5,968","6,284"
E07000053,Weymouth and Portland,75-79,"2,925","3,132"
E07000061,Eastbourne,75-79,"4,433","4,615"
E07000062,Hastings,75-79,"3,057","3,195"
E07000063,Lewes,75-79,"4,813","5,000"
E07000064,Rother,75-79,"5,592","5,923"
E07000065,Wealden,75-79,"7,629","8,095"
E07000066,Basildon,75-79,"5,734","5,913"
E07000067,Braintree,75-79,"5,424","5,822"
E07000068,Brentwood,75-79,"2,687","2,768"
E07000069,Castle Point,75-79,"4,450","4,582"
E07000070,Chelmsford,75-79,"5,953","6,275"
E07000071,Colchester,75-79,"5,972","6,320"
E07000072,Epping Forest,75-79,"4,651","4,824"
E07000073,Harlow,75-79,"2,381","2,398"
E07000074,Maldon,75-79,"2,900","3,097"
E07000075,Rochford,75-79,"3,707","3,860"
E07000076,Tendring,75-79,"8,124","8,578"
E07000077,Uttlesford,75-79,"3,072","3,326"
E07000078,Cheltenham,75-79,"4,109","4,230"
E07000079,Cotswold,75-79,"4,270","4,585"
E07000080,Forest of Dean,75-79,"3,943","4,183"
E07000081,Gloucester,75-79,"4,036","4,221"
E07000082,Stroud,75-79,"4,981","5,178"
E07000083,Tewkesbury,75-79,"3,910","4,077"
E07000084,Basingstoke and Deane,75-79,"5,539","5,831"
E07000085,East Hampshire,75-79,"5,171","5,523"
E07000086,Eastleigh,75-79,"4,643","4,882"
E07000087,Fareham,75-79,"5,071","5,323"
E07000088,Gosport,75-79,"2,961","3,108"
E07000089,Hart,75-79,"3,702","3,888"
E07000090,Havant,75-79,"5,398","5,535"
E07000091,New Forest,75-79,"9,371","9,957"
E07000092,Rushmoor,75-79,"2,582","2,677"
E07000093,Test Valley,75-79,"4,914","5,232"
E07000094,Winchester,75-79,"4,787","5,020"
E07000095,Broxbourne,75-79,"3,280","3,286"
E07000096,Dacorum,75-79,"4,591","4,761"
E07000098,Hertsmere,75-79,"3,345","3,543"
E07000099,North Hertfordshire,75-79,"4,599","4,852"
E07000102,Three Rivers,75-79,"2,955","3,099"
E07000103,Watford,75-79,"2,285","2,297"
E07000105,Ashford,75-79,"4,606","4,908"
E07000106,Canterbury,75-79,"6,157","6,420"
E07000107,Dartford,75-79,"2,815","2,918"
E07000108,Dover,75-79,"4,848","5,128"
E07000109,Gravesham,75-79,"3,455","3,521"
E07000110,Maidstone,75-79,"5,973","6,191"
E07000111,Sevenoaks,75-79,"4,614","4,810"
E07000112,Folkestone and Hythe,75-79,"4,923","5,198"
E07000113,Swale,75-79,"5,226","5,510"
E07000114,Thanet,75-79,"6,076","6,437"
E07000115,Tonbridge and Malling,75-79,"4,664","4,937"
E07000116,Tunbridge Wells,75-79,"4,036","4,250"
E07000117,Burnley,75-79,"2,913","3,079"
E07000118,Chorley,75-79,"4,349","4,605"
E07000119,Fylde,75-79,"4,100","4,279"
E07000120,Hyndburn,75-79,"2,736","2,897"
E07000121,Lancaster,75-79,"5,362","5,524"
E07000122,Pendle,75-79,"2,969","3,144"
E07000123,Preston,75-79,"3,820","3,872"
E07000124,Ribble Valley,75-79,"2,621","2,743"
E07000125,Rossendale,75-79,"2,215","2,367"
E07000126,South Ribble,75-79,"4,392","4,578"
E07000127,West Lancashire,75-79,"4,825","4,975"
E07000128,Wyre,75-79,"6,029","6,258"
E07000129,Blaby,75-79,"3,758","3,917"
E07000130,Charnwood,75-79,"5,933","6,310"
E07000131,Harborough,75-79,"3,589","3,897"
E07000132,Hinckley and Bosworth,75-79,"4,446","4,711"
E07000133,Melton,75-79,"2,060","2,210"
E07000134,North West Leicestershire,75-79,"3,622","3,928"
E07000135,Oadby and Wigston,75-79,"2,218","2,277"
E07000136,Boston,75-79,"2,688","2,826"
E07000137,East Lindsey,75-79,"7,871","8,325"
E07000138,Lincoln,75-79,"2,621","2,709"
E07000139,North Kesteven,75-79,"5,461","5,697"
E07000140,South Holland,75-79,"4,272","4,404"
E07000141,South Kesteven,75-79,"5,948","6,334"
E07000142,West Lindsey,75-79,"4,336","4,668"
E07000143,Breckland,75-79,"6,279","6,667"
E07000144,Broadland,75-79,"6,124","6,451"
E07000145,Great Yarmouth,75-79,"4,503","4,781"
E07000146,King's Lynn and West Norfolk,75-79,"7,507","7,759"
E07000147,North Norfolk,75-79,"6,179","6,559"
E07000148,Norwich,75-79,"3,771","3,917"
E07000149,South Norfolk,75-79,"6,111","6,516"
E07000150,Corby,75-79,"1,835","1,889"
E07000151,Daventry,75-79,"3,011","3,326"
E07000152,East Northamptonshire,75-79,"3,371","3,599"
E07000153,Kettering,75-79,"3,304","3,527"
E07000154,Northampton,75-79,"5,968","6,236"
E07000155,South Northamptonshire,75-79,"3,342","3,611"
E07000156,Wellingborough,75-79,"2,768","2,962"
E07000163,Craven,75-79,"2,825","2,986"
E07000164,Hambleton,75-79,"4,396","4,617"
E07000165,Harrogate,75-79,"6,772","7,014"
E07000166,Richmondshire,75-79,"2,038","2,118"
E07000167,Ryedale,75-79,"2,684","2,827"
E07000168,Scarborough,75-79,"5,420","5,604"
E07000169,Selby,75-79,"3,194","3,376"
E07000170,Ashfield,75-79,"4,838","5,085"
E07000171,Bassetlaw,75-79,"4,763","5,016"
E07000172,Broxtowe,75-79,"4,374","4,630"
E07000173,Gedling,75-79,"4,469","4,602"
E07000174,Mansfield,75-79,"3,808","3,999"
E07000175,Newark and Sherwood,75-79,"4,982","5,239"
E07000176,Rushcliffe,75-79,"4,439","4,742"
E07000177,Cherwell,75-79,"4,964","5,170"
E07000178,Oxford,75-79,"3,365","3,440"
E07000179,South Oxfordshire,75-79,"5,618","5,941"
E07000180,Vale of White Horse,75-79,"4,871","5,165"
E07000181,West Oxfordshire,75-79,"4,403","4,610"
E07000187,Mendip,75-79,"4,721","5,052"
E07000188,Sedgemoor,75-79,"5,374","5,627"
E07000189,South Somerset,75-79,"7,882","8,312"
E07000190,Taunton Deane,75-79,"4,869","5,179"
E07000191,West Somerset,75-79,"2,213","2,311"
E07000192,Cannock Chase,75-79,"3,599","3,756"
E07000193,East Staffordshire,75-79,"4,317","4,576"
E07000194,Lichfield,75-79,"5,034","5,362"
E07000195,Newcastle-under-Lyme,75-79,"4,830","5,102"
E07000196,South Staffordshire,75-79,"5,493","5,774"
E07000197,Stafford,75-79,"5,960","6,250"
E07000198,Staffordshire Moorlands,75-79,"4,687","4,965"
E07000199,Tamworth,75-79,"2,681","2,865"
E07000200,Babergh,75-79,"4,372","4,635"
E07000201,Forest Heath,75-79,"2,120","2,184"
E07000202,Ipswich,75-79,"3,876","3,955"
E07000203,Mid Suffolk,75-79,"4,603","4,916"
E07000204,St Edmundsbury,75-79,"4,800","5,030"
E07000205,Suffolk Coastal,75-79,"6,417","6,775"
E07000206,Waveney,75-79,"5,829","6,175"
E07000207,Elmbridge,75-79,"4,364","4,536"
E07000208,Epsom and Ewell,75-79,"2,717","2,803"
E07000209,Guildford,75-79,"4,337","4,520"
E07000210,Mole Valley,75-79,"3,696","3,848"
E07000211,Reigate and Banstead,75-79,"4,673","4,876"
E07000212,Runnymede,75-79,"2,696","2,804"
E07000213,Spelthorne,75-79,"3,500","3,608"
E07000214,Surrey Heath,75-79,"3,306","3,431"
E07000215,Tandridge,75-79,"3,260","3,446"
E07000216,Waverley,75-79,"5,085","5,369"
E07000217,Woking,75-79,"3,007","3,126"
E07000218,North Warwickshire,75-79,"2,611","2,798"
E07000219,Nuneaton and Bedworth,75-79,"4,578","4,869"
E07000220,Rugby,75-79,"3,917","4,138"
E07000221,Stratford-on-Avon,75-79,"5,944","6,442"
E07000222,Warwick,75-79,"4,923","5,199"
E07000223,Adur,75-79,"2,843","2,941"
E07000224,Arun,75-79,"8,668","8,998"
E07000225,Chichester,75-79,"6,133","6,506"
E07000226,Crawley,75-79,"2,460","2,518"
E07000227,Horsham,75-79,"5,915","6,217"
E07000228,Mid Sussex,75-79,"5,398","5,795"
E07000229,Worthing,75-79,"4,419","4,601"
E07000234,Bromsgrove,75-79,"4,085","4,368"
E07000235,Malvern Hills,75-79,"4,006","4,292"
E07000236,Redditch,75-79,"2,605","2,823"
E07000237,Worcester,75-79,"3,167","3,294"
E07000238,Wychavon,75-79,"5,800","6,185"
E07000239,Wyre Forest,75-79,"4,689","5,043"
E07000240,St Albans,75-79,"4,419","4,592"
E07000241,Welwyn Hatfield,75-79,"3,315","3,451"
E07000242,East Hertfordshire,75-79,"4,793","4,993"
E07000243,Stevenage,75-79,"2,386","2,406"
E08000001,Bolton,75-79,"9,369","9,677"
E08000002,Bury,75-79,"6,398","6,726"
E08000003,Manchester,75-79,"9,038","9,158"
E08000004,Oldham,75-79,"7,167","7,447"
E08000005,Rochdale,75-79,"6,543","6,707"
E08000006,Salford,75-79,"6,783","6,847"
E08000007,Stockport,75-79,"10,843","11,106"
E08000008,Tameside,75-79,"7,400","7,762"
E08000009,Trafford,75-79,"7,488","7,668"
E08000010,Wigan,75-79,"12,123","12,646"
E08000011,Knowsley,75-79,"4,481","4,499"
E08000012,Liverpool,75-79,"13,042","13,066"
E08000013,St. Helens,75-79,"7,064","7,274"
E08000014,Sefton,75-79,"11,999","12,355"
E08000015,Wirral,75-79,"12,955","13,415"
E08000016,Barnsley,75-79,"8,694","9,149"
E08000017,Doncaster,75-79,"10,679","11,123"
E08000018,Rotherham,75-79,"9,793","10,188"
E08000019,Sheffield,75-79,"17,633","18,276"
E08000021,Newcastle upon Tyne,75-79,"7,514","7,587"
E08000022,North Tyneside,75-79,"7,078","7,389"
E08000023,South Tyneside,75-79,"5,357","5,417"
E08000024,Sunderland,75-79,"9,828","9,917"
E08000025,Birmingham,75-79,"27,271","27,727"
E08000026,Coventry,75-79,"9,554","9,829"
E08000027,Dudley,75-79,"12,819","13,415"
E08000028,Sandwell,75-79,"9,712","9,937"
E08000029,Solihull,75-79,"8,340","8,806"
E08000030,Walsall,75-79,"9,930","10,120"
E08000031,Wolverhampton,75-79,"8,352","8,551"
E08000032,Bradford,75-79,"13,812","14,131"
E08000033,Calderdale,75-79,"6,952","7,370"
E08000034,Kirklees,75-79,"13,977","14,454"
E08000035,Leeds,75-79,"22,147","22,722"
E08000036,Wakefield,75-79,"12,042","12,692"
E08000037,Gateshead,75-79,"7,331","7,380"
E09000001,City of London,75-79,288,281
E09000002,Barking and Dagenham,75-79,"3,405","3,373"
E09000003,Barnet,75-79,"9,720","10,250"
E09000004,Bexley,75-79,"7,543","7,547"
E09000005,Brent,75-79,"7,228","7,368"
E09000006,Bromley,75-79,"10,432","10,697"
E09000007,Camden,75-79,"5,597","5,851"
E09000008,Croydon,75-79,"9,267","9,460"
E09000009,Ealing,75-79,"7,846","7,878"
E09000010,Enfield,75-79,"8,313","8,536"
E09000011,Greenwich,75-79,"5,267","5,380"
E09000012,Hackney,75-79,"3,598","3,680"
E09000013,Hammersmith and Fulham,75-79,"3,639","3,728"
E09000014,Haringey,75-79,"4,769","4,890"
E09000015,Harrow,75-79,"6,996","7,155"
E09000016,Havering,75-79,"8,302","8,475"
E09000017,Hillingdon,75-79,"7,313","7,514"
E09000018,Hounslow,75-79,"5,884","5,950"
E09000019,Islington,75-79,"3,791","3,865"
E09000020,Kensington and Chelsea,75-79,"4,563","4,783"
E09000021,Kingston upon Thames,75-79,"4,261","4,374"
E09000022,Lambeth,75-79,"4,861","4,880"
E09000023,Lewisham,75-79,"5,181","5,143"
E09000024,Merton,75-79,"4,737","4,672"
E09000025,Newham,75-79,"4,662","4,737"
E09000026,Redbridge,75-79,"6,786","6,819"
E09000027,Richmond upon Thames,75-79,"5,321","5,635"
E09000028,Southwark,75-79,"4,743","4,811"
E09000029,Sutton,75-79,"5,554","5,719"
E09000030,Tower Hamlets,75-79,"3,461","3,478"
E09000031,Waltham Forest,75-79,"5,210","5,235"
E09000032,Wandsworth,75-79,"5,723","5,711"
E09000033,Westminster,75-79,"5,492","5,647"
E06000001,Hartlepool,80-84,"2,628","2,638"
E06000002,Middlesbrough,80-84,"3,335","3,379"
E06000003,Redcar and Cleveland,80-84,"4,228","4,440"
E06000004,Stockton-on-Tees,80-84,"4,882","5,082"
E06000005,Darlington,80-84,"3,095","3,264"
E06000006,Halton,80-84,"2,918","2,984"
E06000007,Warrington,80-84,"5,308","5,610"
E06000008,Blackburn with Darwen,80-84,"2,830","2,966"
E06000009,Blackpool,80-84,"3,942","4,016"
E06000010,"Kingston upon Hull, City of",80-84,"5,439","5,500"
E06000011,East Riding of Yorkshire,80-84,"12,126","12,531"
E06000012,North East Lincolnshire,80-84,"4,717","4,778"
E06000013,North Lincolnshire,80-84,"4,756","4,896"
E06000014,York,80-84,"5,692","5,824"
E06000015,Derby,80-84,"6,270","6,315"
E06000016,Leicester,80-84,"5,738","5,798"
E06000017,Rutland,80-84,"1,370","1,469"
E06000018,Nottingham,80-84,"5,391","5,390"
E06000019,"Herefordshire, County of",80-84,"6,430","6,607"
E06000020,Telford and Wrekin,80-84,"3,857","4,047"
E06000021,Stoke-on-Trent,80-84,"5,807","5,870"
E06000022,Bath and North East Somerset,80-84,"5,222","5,375"
E06000023,"Bristol, City of",80-84,"8,227","8,438"
E06000024,North Somerset,80-84,"7,070","7,274"
E06000025,South Gloucestershire,80-84,"7,568","7,774"
E06000026,Plymouth,80-84,"6,671","6,775"
E06000027,Torbay,80-84,"4,939","5,025"
E06000028,Bournemouth,80-84,"4,994","5,051"
E06000029,Poole,80-84,"4,970","5,065"
E06000030,Swindon,80-84,"4,661","4,794"
E06000031,Peterborough,80-84,"4,053","4,135"
E06000032,Luton,80-84,"4,271","4,307"
E06000033,Southend-on-Sea,80-84,"4,820","4,932"
E06000034,Thurrock,80-84,"2,998","3,073"
E06000035,Medway,80-84,"5,777","5,946"
E06000036,Bracknell Forest,80-84,"2,423","2,436"
E06000037,West Berkshire,80-84,"3,872","3,981"
E06000038,Reading,80-84,"2,873","2,887"
E06000039,Slough,80-84,"1,969","1,972"
E06000040,Windsor and Maidenhead,80-84,"4,020","4,163"
E06000041,Wokingham,80-84,"4,199","4,338"
E06000042,Milton Keynes,80-84,"4,359","4,645"
E06000043,Brighton and Hove,80-84,"5,263","5,284"
E06000044,Portsmouth,80-84,"4,225","4,270"
E06000045,Southampton,80-84,"4,428","4,545"
E06000046,Isle of Wight,80-84,"5,068","5,245"
E06000047,County Durham,80-84,"14,647","14,977"
E06000049,Cheshire East,80-84,"11,968","12,354"
E06000050,Cheshire West and Chester,80-84,"9,980","10,317"
E06000051,Shropshire,80-84,"10,540","10,905"
E06000052,Cornwall,80-84,"18,018","18,655"
E06000053,Isles of Scilly,80-84,68,75
E06000054,Wiltshire,80-84,"14,298","14,803"
E06000055,Bedford,80-84,"4,258","4,312"
E06000056,Central Bedfordshire,80-84,"6,865","7,042"
E06000057,Northumberland,80-84,"10,220","10,550"
E07000004,Aylesbury Vale,80-84,"4,413","4,606"
E07000005,Chiltern,80-84,"3,267","3,337"
E07000006,South Bucks,80-84,"2,290","2,361"
E07000007,Wycombe,80-84,"4,611","4,736"
E07000008,Cambridge,80-84,"2,311","2,338"
E07000009,East Cambridgeshire,80-84,"2,399","2,423"
E07000010,Fenland,80-84,"3,122","3,217"
E07000011,Huntingdonshire,80-84,"4,604","4,797"
E07000012,South Cambridgeshire,80-84,"4,109","4,261"
E07000026,Allerdale,80-84,"3,194","3,307"
E07000027,Barrow-in-Furness,80-84,"1,912","1,978"
E07000028,Carlisle,80-84,"3,234","3,281"
E07000029,Copeland,80-84,"2,104","2,162"
E07000030,Eden,80-84,"1,789","1,897"
E07000031,South Lakeland,80-84,"4,014","4,178"
E07000032,Amber Valley,80-84,"3,422","3,636"
E07000033,Bolsover,80-84,"2,051","2,087"
E07000034,Chesterfield,80-84,"2,915","3,020"
E07000035,Derbyshire Dales,80-84,"2,615","2,672"
E07000036,Erewash,80-84,"3,275","3,296"
E07000037,High Peak,80-84,"2,428","2,468"
E07000038,North East Derbyshire,80-84,"3,290","3,500"
E07000039,South Derbyshire,80-84,"2,292","2,433"
E07000040,East Devon,80-84,"6,210","6,353"
E07000041,Exeter,80-84,"2,856","2,909"
E07000042,Mid Devon,80-84,"2,419","2,502"
E07000043,North Devon,80-84,"3,256","3,382"
E07000044,South Hams,80-84,"3,152","3,243"
E07000045,Teignbridge,80-84,"4,497","4,597"
E07000046,Torridge,80-84,"2,397","2,421"
E07000047,West Devon,80-84,"1,948","2,010"
E07000048,Christchurch,80-84,"2,460","2,439"
E07000049,East Dorset,80-84,"4,225","4,219"
E07000050,North Dorset,80-84,"2,399","2,471"
E07000051,Purbeck,80-84,"1,742","1,752"
E07000052,West Dorset,80-84,"4,311","4,567"
E07000053,Weymouth and Portland,80-84,"2,217","2,269"
E07000061,Eastbourne,80-84,"3,833","3,906"
E07000062,Hastings,80-84,"2,278","2,331"
E07000063,Lewes,80-84,"3,644","3,766"
E07000064,Rother,80-84,"4,286","4,455"
E07000065,Wealden,80-84,"5,617","5,806"
E07000066,Basildon,80-84,"4,610","4,602"
E07000067,Braintree,80-84,"3,872","4,057"
E07000068,Brentwood,80-84,"2,386","2,377"
E07000069,Castle Point,80-84,"3,135","3,260"
E07000070,Chelmsford,80-84,"4,830","4,925"
E07000071,Colchester,80-84,"4,387","4,505"
E07000072,Epping Forest,80-84,"3,569","3,691"
E07000073,Harlow,80-84,"1,969","1,933"
E07000074,Maldon,80-84,"2,048","2,196"
E07000075,Rochford,80-84,"2,856","2,945"
E07000076,Tendring,80-84,"5,978","6,167"
E07000077,Uttlesford,80-84,"2,344","2,357"
E07000078,Cheltenham,80-84,"3,187","3,351"
E07000079,Cotswold,80-84,"3,082","3,243"
E07000080,Forest of Dean,80-84,"2,713","2,839"
E07000081,Gloucester,80-84,"2,886","2,986"
E07000082,Stroud,80-84,"3,631","3,737"
E07000083,Tewkesbury,80-84,"2,828","2,933"
E07000084,Basingstoke and Deane,80-84,"3,949","4,130"
E07000085,East Hampshire,80-84,"3,886","4,025"
E07000086,Eastleigh,80-84,"3,554","3,663"
E07000087,Fareham,80-84,"3,946","4,009"
E07000088,Gosport,80-84,"2,319","2,372"
E07000089,Hart,80-84,"2,624","2,731"
E07000090,Havant,80-84,"4,192","4,321"
E07000091,New Forest,80-84,"7,517","7,584"
E07000092,Rushmoor,80-84,"1,854","1,923"
E07000093,Test Valley,80-84,"3,770","3,913"
E07000094,Winchester,80-84,"3,618","3,790"
E07000095,Broxbourne,80-84,"2,675","2,752"
E07000096,Dacorum,80-84,"3,630","3,707"
E07000098,Hertsmere,80-84,"2,791","2,753"
E07000099,North Hertfordshire,80-84,"3,775","3,802"
E07000102,Three Rivers,80-84,"2,502","2,486"
E07000103,Watford,80-84,"1,861","1,902"
E07000105,Ashford,80-84,"3,174","3,297"
E07000106,Canterbury,80-84,"4,451","4,666"
E07000107,Dartford,80-84,"2,240","2,224"
E07000108,Dover,80-84,"3,552","3,692"
E07000109,Gravesham,80-84,"2,754","2,756"
E07000110,Maidstone,80-84,"4,549","4,767"
E07000111,Sevenoaks,80-84,"3,561","3,660"
E07000112,Folkestone and Hythe,80-84,"3,493","3,628"
E07000113,Swale,80-84,"3,553","3,752"
E07000114,Thanet,80-84,"4,345","4,449"
E07000115,Tonbridge and Malling,80-84,"3,496","3,590"
E07000116,Tunbridge Wells,80-84,"3,038","3,107"
E07000117,Burnley,80-84,"2,065","2,094"
E07000118,Chorley,80-84,"2,828","2,959"
E07000119,Fylde,80-84,"3,128","3,217"
E07000120,Hyndburn,80-84,"1,976","1,992"
E07000121,Lancaster,80-84,"3,978","4,068"
E07000122,Pendle,80-84,"2,135","2,179"
E07000123,Preston,80-84,"3,053","3,039"
E07000124,Ribble Valley,80-84,"1,927","2,005"
E07000125,Rossendale,80-84,"1,601","1,597"
E07000126,South Ribble,80-84,"3,104","3,277"
E07000127,West Lancashire,80-84,"3,541","3,663"
E07000128,Wyre,80-84,"4,398","4,514"
E07000129,Blaby,80-84,"2,880","2,985"
E07000130,Charnwood,80-84,"4,373","4,491"
E07000131,Harborough,80-84,"2,728","2,830"
E07000132,Hinckley and Bosworth,80-84,"3,081","3,294"
E07000133,Melton,80-84,"1,448","1,451"
E07000134,North West Leicestershire,80-84,"2,458","2,537"
E07000135,Oadby and Wigston,80-84,"1,964","1,949"
E07000136,Boston,80-84,"1,920","1,970"
E07000137,East Lindsey,80-84,"5,259","5,509"
E07000138,Lincoln,80-84,"2,004","2,064"
E07000139,North Kesteven,80-84,"3,710","3,919"
E07000140,South Holland,80-84,"3,224","3,287"
E07000141,South Kesteven,80-84,"4,166","4,334"
E07000142,West Lindsey,80-84,"2,971","3,125"
E07000143,Breckland,80-84,"4,859","4,934"
E07000144,Broadland,80-84,"4,777","4,900"
E07000145,Great Yarmouth,80-84,"3,099","3,160"
E07000146,King's Lynn and West Norfolk,80-84,"5,474","5,662"
E07000147,North Norfolk,80-84,"4,918","4,968"
E07000148,Norwich,80-84,"2,855","2,911"
E07000149,South Norfolk,80-84,"4,612","4,775"
E07000150,Corby,80-84,"1,307","1,365"
E07000151,Daventry,80-84,"2,136","2,142"
E07000152,East Northamptonshire,80-84,"2,437","2,517"
E07000153,Kettering,80-84,"2,291","2,401"
E07000154,Northampton,80-84,"4,365","4,533"
E07000155,South Northamptonshire,80-84,"2,337","2,420"
E07000156,Wellingborough,80-84,"1,857","1,913"
E07000163,Craven,80-84,"2,021","2,127"
E07000164,Hambleton,80-84,"3,336","3,445"
E07000165,Harrogate,80-84,"5,372","5,484"
E07000166,Richmondshire,80-84,"1,556","1,613"
E07000167,Ryedale,80-84,"1,964","2,040"
E07000168,Scarborough,80-84,"4,010","4,191"
E07000169,Selby,80-84,"2,334","2,426"
E07000170,Ashfield,80-84,"3,180","3,344"
E07000171,Bassetlaw,80-84,"3,351","3,452"
E07000172,Broxtowe,80-84,"3,216","3,330"
E07000173,Gedling,80-84,"3,583","3,650"
E07000174,Mansfield,80-84,"2,751","2,843"
E07000175,Newark and Sherwood,80-84,"3,440","3,633"
E07000176,Rushcliffe,80-84,"3,376","3,449"
E07000177,Cherwell,80-84,"3,782","3,937"
E07000178,Oxford,80-84,"2,559","2,628"
E07000179,South Oxfordshire,80-84,"4,242","4,415"
E07000180,Vale of White Horse,80-84,"3,811","3,938"
E07000181,West Oxfordshire,80-84,"3,203","3,354"
E07000187,Mendip,80-84,"3,550","3,633"
E07000188,Sedgemoor,80-84,"3,764","3,920"
E07000189,South Somerset,80-84,"5,556","5,693"
E07000190,Taunton Deane,80-84,"3,744","3,797"
E07000191,West Somerset,80-84,"1,667","1,705"
E07000192,Cannock Chase,80-84,"2,439","2,589"
E07000193,East Staffordshire,80-84,"3,077","3,176"
E07000194,Lichfield,80-84,"3,207","3,340"
E07000195,Newcastle-under-Lyme,80-84,"3,750","3,779"
E07000196,South Staffordshire,80-84,"3,849","3,983"
E07000197,Stafford,80-84,"4,113","4,327"
E07000198,Staffordshire Moorlands,80-84,"3,270","3,350"
E07000199,Tamworth,80-84,"1,732","1,862"
E07000200,Babergh,80-84,"3,163","3,289"
E07000201,Forest Heath,80-84,"1,638","1,645"
E07000202,Ipswich,80-84,"3,253","3,319"
E07000203,Mid Suffolk,80-84,"3,230","3,319"
E07000204,St Edmundsbury,80-84,"3,506","3,719"
E07000205,Suffolk Coastal,80-84,"4,905","5,053"
E07000206,Waveney,80-84,"4,492","4,551"
E07000207,Elmbridge,80-84,"3,597","3,663"
E07000208,Epsom and Ewell,80-84,"2,063","2,136"
E07000209,Guildford,80-84,"3,413","3,494"
E07000210,Mole Valley,80-84,"2,991","3,075"
E07000211,Reigate and Banstead,80-84,"3,629","3,716"
E07000212,Runnymede,80-84,"2,239","2,238"
E07000213,Spelthorne,80-84,"2,813","2,839"
E07000214,Surrey Heath,80-84,"2,591","2,603"
E07000215,Tandridge,80-84,"2,416","2,454"
E07000216,Waverley,80-84,"4,054","4,189"
E07000217,Woking,80-84,"2,449","2,477"
E07000218,North Warwickshire,80-84,"1,848","1,926"
E07000219,Nuneaton and Bedworth,80-84,"3,266","3,351"
E07000220,Rugby,80-84,"2,820","2,982"
E07000221,Stratford-on-Avon,80-84,"4,631","4,766"
E07000222,Warwick,80-84,"3,719","3,872"
E07000223,Adur,80-84,"2,185","2,260"
E07000224,Arun,80-84,"6,647","6,803"
E07000225,Chichester,80-84,"4,710","4,764"
E07000226,Crawley,80-84,"1,997","1,977"
E07000227,Horsham,80-84,"4,537","4,652"
E07000228,Mid Sussex,80-84,"4,195","4,326"
E07000229,Worthing,80-84,"3,561","3,655"
E07000234,Bromsgrove,80-84,"3,145","3,214"
E07000235,Malvern Hills,80-84,"3,061","3,192"
E07000236,Redditch,80-84,"1,745","1,812"
E07000237,Worcester,80-84,"2,390","2,401"
E07000238,Wychavon,80-84,"4,054","4,257"
E07000239,Wyre Forest,80-84,"3,278","3,401"
E07000240,St Albans,80-84,"3,625","3,706"
E07000241,Welwyn Hatfield,80-84,"2,878","2,857"
E07000242,East Hertfordshire,80-84,"3,725","3,824"
E07000243,Stevenage,80-84,"2,062","2,041"
E08000001,Bolton,80-84,"6,325","6,677"
E08000002,Bury,80-84,"4,699","4,827"
E08000003,Manchester,80-84,"6,925","6,951"
E08000004,Oldham,80-84,"4,988","5,151"
E08000005,Rochdale,80-84,"4,608","4,759"
E08000006,Salford,80-84,"5,040","5,142"
E08000007,Stockport,80-84,"8,387","8,565"
E08000008,Tameside,80-84,"5,302","5,401"
E08000009,Trafford,80-84,"5,932","6,016"
E08000010,Wigan,80-84,"7,601","7,922"
E08000011,Knowsley,80-84,"3,792","3,761"
E08000012,Liverpool,80-84,"10,425","10,588"
E08000013,St. Helens,80-84,"5,149","5,368"
E08000014,Sefton,80-84,"9,860","9,886"
E08000015,Wirral,80-84,"9,529","9,679"
E08000016,Barnsley,80-84,"6,237","6,368"
E08000017,Doncaster,80-84,"8,119","8,289"
E08000018,Rotherham,80-84,"7,074","7,310"
E08000019,Sheffield,80-84,"13,821","14,002"
E08000021,Newcastle upon Tyne,80-84,"6,289","6,363"
E08000022,North Tyneside,80-84,"5,677","5,735"
E08000023,South Tyneside,80-84,"4,260","4,325"
E08000024,Sunderland,80-84,"7,671","7,727"
E08000025,Birmingham,80-84,"21,729","22,062"
E08000026,Coventry,80-84,"7,166","7,370"
E08000027,Dudley,80-84,"9,597","9,918"
E08000028,Sandwell,80-84,"7,178","7,367"
E08000029,Solihull,80-84,"6,429","6,634"
E08000030,Walsall,80-84,"7,465","7,705"
E08000031,Wolverhampton,80-84,"6,451","6,514"
E08000032,Bradford,80-84,"11,393","11,331"
E08000033,Calderdale,80-84,"4,953","5,087"
E08000034,Kirklees,80-84,"10,408","10,600"
E08000035,Leeds,80-84,"17,923","18,132"
E08000036,Wakefield,80-84,"8,668","8,864"
E08000037,Gateshead,80-84,"5,864","6,003"
E09000001,City of London,80-84,177,201
E09000002,Barking and Dagenham,80-84,"2,760","2,765"
E09000003,Barnet,80-84,"7,771","7,906"
E09000004,Bexley,80-84,"6,179","6,341"
E09000005,Brent,80-84,"5,694","5,827"
E09000006,Bromley,80-84,"8,364","8,496"
E09000007,Camden,80-84,"3,964","4,211"
E09000008,Croydon,80-84,"7,520","7,590"
E09000009,Ealing,80-84,"6,248","6,394"
E09000010,Enfield,80-84,"6,403","6,555"
E09000011,Greenwich,80-84,"3,968","4,030"
E09000012,Hackney,80-84,"2,805","2,843"
E09000013,Hammersmith and Fulham,80-84,"2,526","2,677"
E09000014,Haringey,80-84,"3,735","3,844"
E09000015,Harrow,80-84,"5,740","5,829"
E09000016,Havering,80-84,"6,938","6,946"
E09000017,Hillingdon,80-84,"6,149","6,221"
E09000018,Hounslow,80-84,"4,422","4,553"
E09000019,Islington,80-84,"2,741","2,774"
E09000020,Kensington and Chelsea,80-84,"3,112","3,324"
E09000021,Kingston upon Thames,80-84,"3,141","3,246"
E09000022,Lambeth,80-84,"3,641","3,772"
E09000023,Lewisham,80-84,"4,061","4,109"
E09000024,Merton,80-84,"3,550","3,729"
E09000025,Newham,80-84,"3,529","3,603"
E09000026,Redbridge,80-84,"5,263","5,326"
E09000027,Richmond upon Thames,80-84,"3,816","4,034"
E09000028,Southwark,80-84,"3,403","3,535"
E09000029,Sutton,80-84,"4,457","4,486"
E09000030,Tower Hamlets,80-84,"2,621","2,670"
E09000031,Waltham Forest,80-84,"4,096","4,161"
E09000032,Wandsworth,80-84,"4,226","4,424"
E09000033,Westminster,80-84,"4,283","4,520"
E06000001,Hartlepool,85-89,"1,529","1,547"
E06000002,Middlesbrough,85-89,"1,941","1,930"
E06000003,Redcar and Cleveland,85-89,"2,389","2,462"
E06000004,Stockton-on-Tees,85-89,"2,991","3,048"
E06000005,Darlington,85-89,"1,798","1,844"
E06000006,Halton,85-89,"1,606","1,619"
E06000007,Warrington,85-89,"2,877","2,984"
E06000008,Blackburn with Darwen,85-89,"1,596","1,583"
E06000009,Blackpool,85-89,"2,311","2,304"
E06000010,"Kingston upon Hull, City of",85-89,"3,141","3,133"
E06000011,East Riding of Yorkshire,85-89,"7,016","7,192"
E06000012,North East Lincolnshire,85-89,"2,746","2,795"
E06000013,North Lincolnshire,85-89,"2,820","2,848"
E06000014,York,85-89,"3,364","3,427"
E06000015,Derby,85-89,"3,948","4,021"
E06000016,Leicester,85-89,"3,678","3,706"
E06000017,Rutland,85-89,809,813
E06000018,Nottingham,85-89,"3,421","3,412"
E06000019,"Herefordshire, County of",85-89,"3,897","4,008"
E06000020,Telford and Wrekin,85-89,"2,104","2,172"
E06000021,Stoke-on-Trent,85-89,"3,412","3,410"
E06000022,Bath and North East Somerset,85-89,"3,355","3,381"
E06000023,"Bristol, City of",85-89,"5,592","5,515"
E06000024,North Somerset,85-89,"4,495","4,575"
E06000025,South Gloucestershire,85-89,"4,629","4,699"
E06000026,Plymouth,85-89,"4,130","4,252"
E06000027,Torbay,85-89,"3,073","3,184"
E06000028,Bournemouth,85-89,"3,535","3,526"
E06000029,Poole,85-89,"3,400","3,419"
E06000030,Swindon,85-89,"3,014","3,068"
E06000031,Peterborough,85-89,"2,644","2,670"
E06000032,Luton,85-89,"2,385","2,440"
E06000033,Southend-on-Sea,85-89,"3,169","3,187"
E06000034,Thurrock,85-89,"1,810","1,845"
E06000035,Medway,85-89,"3,288","3,322"
E06000036,Bracknell Forest,85-89,"1,363","1,408"
E06000037,West Berkshire,85-89,"2,397","2,445"
E06000038,Reading,85-89,"1,824","1,862"
E06000039,Slough,85-89,"1,245","1,268"
E06000040,Windsor and Maidenhead,85-89,"2,671","2,680"
E06000041,Wokingham,85-89,"2,622","2,714"
E06000042,Milton Keynes,85-89,"2,686","2,777"
E06000043,Brighton and Hove,85-89,"3,614","3,650"
E06000044,Portsmouth,85-89,"2,609","2,614"
E06000045,Southampton,85-89,"3,070","2,989"
E06000046,Isle of Wight,85-89,"3,236","3,252"
E06000047,County Durham,85-89,"8,173","8,370"
E06000049,Cheshire East,85-89,"7,334","7,502"
E06000050,Cheshire West and Chester,85-89,"5,979","6,056"
E06000051,Shropshire,85-89,"6,360","6,572"
E06000052,Cornwall,85-89,"11,108","11,183"
E06000053,Isles of Scilly,85-89,43,42
E06000054,Wiltshire,85-89,"9,097","9,267"
E06000055,Bedford,85-89,"2,762","2,806"
E06000056,Central Bedfordshire,85-89,"3,878","4,047"
E06000057,Northumberland,85-89,"5,991","6,127"
E07000004,Aylesbury Vale,85-89,"2,674","2,683"
E07000005,Chiltern,85-89,"1,964","2,009"
E07000006,South Bucks,85-89,"1,524","1,557"
E07000007,Wycombe,85-89,"2,920","3,033"
E07000008,Cambridge,85-89,"1,634","1,616"
E07000009,East Cambridgeshire,85-89,"1,484","1,471"
E07000010,Fenland,85-89,"2,034","2,047"
E07000011,Huntingdonshire,85-89,"2,681","2,830"
E07000012,South Cambridgeshire,85-89,"2,650","2,681"
E07000026,Allerdale,85-89,"1,926","1,977"
E07000027,Barrow-in-Furness,85-89,"1,060","1,076"
E07000028,Carlisle,85-89,"1,973","1,988"
E07000029,Copeland,85-89,"1,187","1,156"
E07000030,Eden,85-89,"1,178","1,160"
E07000031,South Lakeland,85-89,"2,524","2,547"
E07000032,Amber Valley,85-89,"2,103","2,091"
E07000033,Bolsover,85-89,"1,162","1,170"
E07000034,Chesterfield,85-89,"1,795","1,830"
E07000035,Derbyshire Dales,85-89,"1,546","1,564"
E07000036,Erewash,85-89,"2,075","2,099"
E07000037,High Peak,85-89,"1,397","1,459"
E07000038,North East Derbyshire,85-89,"1,863","1,910"
E07000039,South Derbyshire,85-89,"1,454","1,494"
E07000040,East Devon,85-89,"4,132","4,193"
E07000041,Exeter,85-89,"2,016","2,033"
E07000042,Mid Devon,85-89,"1,615","1,578"
E07000043,North Devon,85-89,"2,032","2,037"
E07000044,South Hams,85-89,"1,948","1,972"
E07000045,Teignbridge,85-89,"2,960","3,020"
E07000046,Torridge,85-89,"1,435","1,489"
E07000047,West Devon,85-89,"1,266","1,275"
E07000048,Christchurch,85-89,"1,666","1,689"
E07000049,East Dorset,85-89,"2,685","2,702"
E07000050,North Dorset,85-89,"1,602","1,584"
E07000051,Purbeck,85-89,"1,082","1,143"
E07000052,West Dorset,85-89,"2,956","2,974"
E07000053,Weymouth and Portland,85-89,"1,400","1,399"
E07000061,Eastbourne,85-89,"2,650","2,642"
E07000062,Hastings,85-89,"1,452","1,457"
E07000063,Lewes,85-89,"2,497","2,481"
E07000064,Rother,85-89,"2,752","2,713"
E07000065,Wealden,85-89,"3,644","3,693"
E07000066,Basildon,85-89,"2,788","2,828"
E07000067,Braintree,85-89,"2,437","2,411"
E07000068,Brentwood,85-89,"1,608","1,626"
E07000069,Castle Point,85-89,"1,811","1,866"
E07000070,Chelmsford,85-89,"3,012","3,083"
E07000071,Colchester,85-89,"2,764","2,808"
E07000072,Epping Forest,85-89,"2,504","2,505"
E07000073,Harlow,85-89,"1,332","1,347"
E07000074,Maldon,85-89,"1,211","1,242"
E07000075,Rochford,85-89,"1,681","1,729"
E07000076,Tendring,85-89,"3,645","3,666"
E07000077,Uttlesford,85-89,"1,454","1,570"
E07000078,Cheltenham,85-89,"2,226","2,223"
E07000079,Cotswold,85-89,"1,984","2,025"
E07000080,Forest of Dean,85-89,"1,539","1,558"
E07000081,Gloucester,85-89,"1,859","1,890"
E07000082,Stroud,85-89,"2,207","2,274"
E07000083,Tewkesbury,85-89,"1,644","1,689"
E07000084,Basingstoke and Deane,85-89,"2,309","2,406"
E07000085,East Hampshire,85-89,"2,475","2,557"
E07000086,Eastleigh,85-89,"2,246","2,305"
E07000087,Fareham,85-89,"2,559","2,652"
E07000088,Gosport,85-89,"1,497","1,507"
E07000089,Hart,85-89,"1,531","1,627"
E07000090,Havant,85-89,"2,844","2,839"
E07000091,New Forest,85-89,"5,074","5,115"
E07000092,Rushmoor,85-89,"1,026","1,070"
E07000093,Test Valley,85-89,"2,259","2,358"
E07000094,Winchester,85-89,"2,492","2,470"
E07000095,Broxbourne,85-89,"1,599","1,645"
E07000096,Dacorum,85-89,"2,553","2,564"
E07000098,Hertsmere,85-89,"1,815","1,865"
E07000099,North Hertfordshire,85-89,"2,361","2,429"
E07000102,Three Rivers,85-89,"1,586","1,627"
E07000103,Watford,85-89,"1,208","1,226"
E07000105,Ashford,85-89,"1,960","2,014"
E07000106,Canterbury,85-89,"3,013","3,041"
E07000107,Dartford,85-89,"1,467","1,502"
E07000108,Dover,85-89,"2,152","2,176"
E07000109,Gravesham,85-89,"1,620","1,688"
E07000110,Maidstone,85-89,"2,815","2,892"
E07000111,Sevenoaks,85-89,"2,432","2,446"
E07000112,Folkestone and Hythe,85-89,"2,224","2,196"
E07000113,Swale,85-89,"2,101","2,110"
E07000114,Thanet,85-89,"2,780","2,750"
E07000115,Tonbridge and Malling,85-89,"2,034","2,108"
E07000116,Tunbridge Wells,85-89,"2,239","2,260"
E07000117,Burnley,85-89,"1,258","1,239"
E07000118,Chorley,85-89,"1,553","1,628"
E07000119,Fylde,85-89,"1,960","2,036"
E07000120,Hyndburn,85-89,"1,088","1,114"
E07000121,Lancaster,85-89,"2,387","2,410"
E07000122,Pendle,85-89,"1,347","1,363"
E07000123,Preston,85-89,"1,758","1,803"
E07000124,Ribble Valley,85-89,"1,168","1,227"
E07000125,Rossendale,85-89,913,970
E07000126,South Ribble,85-89,"1,803","1,793"
E07000127,West Lancashire,85-89,"1,947","2,029"
E07000128,Wyre,85-89,"2,635","2,662"
E07000129,Blaby,85-89,"1,660","1,768"
E07000130,Charnwood,85-89,"2,839","2,873"
E07000131,Harborough,85-89,"1,629","1,654"
E07000132,Hinckley and Bosworth,85-89,"1,943","1,915"
E07000133,Melton,85-89,879,904
E07000134,North West Leicestershire,85-89,"1,454","1,473"
E07000135,Oadby and Wigston,85-89,"1,265","1,315"
E07000136,Boston,85-89,"1,200","1,162"
E07000137,East Lindsey,85-89,"3,206","3,201"
E07000138,Lincoln,85-89,"1,404","1,361"
E07000139,North Kesteven,85-89,"2,098","2,198"
E07000140,South Holland,85-89,"1,966","1,940"
E07000141,South Kesteven,85-89,"2,564","2,657"
E07000142,West Lindsey,85-89,"1,727","1,736"
E07000143,Breckland,85-89,"2,943","3,004"
E07000144,Broadland,85-89,"2,950","3,045"
E07000145,Great Yarmouth,85-89,"2,027","2,035"
E07000146,King's Lynn and West Norfolk,85-89,"3,343","3,358"
E07000147,North Norfolk,85-89,"3,151","3,151"
E07000148,Norwich,85-89,"1,964","1,978"
E07000149,South Norfolk,85-89,"2,868","2,963"
E07000150,Corby,85-89,719,729
E07000151,Daventry,85-89,"1,223","1,286"
E07000152,East Northamptonshire,85-89,"1,483","1,568"
E07000153,Kettering,85-89,"1,371","1,388"
E07000154,Northampton,85-89,"2,789","2,812"
E07000155,South Northamptonshire,85-89,"1,363","1,446"
E07000156,Wellingborough,85-89,"1,144","1,188"
E07000163,Craven,85-89,"1,326","1,309"
E07000164,Hambleton,85-89,"1,934","1,992"
E07000165,Harrogate,85-89,"3,323","3,481"
E07000166,Richmondshire,85-89,831,868
E07000167,Ryedale,85-89,"1,228","1,262"
E07000168,Scarborough,85-89,"2,409","2,414"
E07000169,Selby,85-89,"1,341","1,366"
E07000170,Ashfield,85-89,"1,779","1,803"
E07000171,Bassetlaw,85-89,"1,973","2,064"
E07000172,Broxtowe,85-89,"1,960","1,952"
E07000173,Gedling,85-89,"2,013","2,107"
E07000174,Mansfield,85-89,"1,664","1,687"
E07000175,Newark and Sherwood,85-89,"2,001","2,065"
E07000176,Rushcliffe,85-89,"2,210","2,270"
E07000177,Cherwell,85-89,"2,296","2,344"
E07000178,Oxford,85-89,"1,755","1,737"
E07000179,South Oxfordshire,85-89,"2,511","2,621"
E07000180,Vale of White Horse,85-89,"2,383","2,414"
E07000181,West Oxfordshire,85-89,"2,144","2,212"
E07000187,Mendip,85-89,"2,180","2,216"
E07000188,Sedgemoor,85-89,"2,395","2,450"
E07000189,South Somerset,85-89,"3,567","3,592"
E07000190,Taunton Deane,85-89,"2,580","2,639"
E07000191,West Somerset,85-89,985,"1,038"
E07000192,Cannock Chase,85-89,"1,437","1,429"
E07000193,East Staffordshire,85-89,"1,868","1,903"
E07000194,Lichfield,85-89,"1,844","1,888"
E07000195,Newcastle-under-Lyme,85-89,"2,193","2,272"
E07000196,South Staffordshire,85-89,"2,092","2,195"
E07000197,Stafford,85-89,"2,339","2,416"
E07000198,Staffordshire Moorlands,85-89,"1,803","1,857"
E07000199,Tamworth,85-89,966,954
E07000200,Babergh,85-89,"1,997","2,051"
E07000201,Forest Heath,85-89,"1,005","1,058"
E07000202,Ipswich,85-89,"2,111","2,072"
E07000203,Mid Suffolk,85-89,"1,982","2,050"
E07000204,St Edmundsbury,85-89,"2,244","2,275"
E07000205,Suffolk Coastal,85-89,"3,189","3,295"
E07000206,Waveney,85-89,"2,795","2,857"
E07000207,Elmbridge,85-89,"2,429","2,504"
E07000208,Epsom and Ewell,85-89,"1,356","1,387"
E07000209,Guildford,85-89,"2,252","2,276"
E07000210,Mole Valley,85-89,"1,986","2,012"
E07000211,Reigate and Banstead,85-89,"2,616","2,619"
E07000212,Runnymede,85-89,"1,442","1,475"
E07000213,Spelthorne,85-89,"1,719","1,746"
E07000214,Surrey Heath,85-89,"1,660","1,784"
E07000215,Tandridge,85-89,"1,692","1,750"
E07000216,Waverley,85-89,"2,771","2,821"
E07000217,Woking,85-89,"1,720","1,690"
E07000218,North Warwickshire,85-89,"1,063","1,108"
E07000219,Nuneaton and Bedworth,85-89,"1,935","1,976"
E07000220,Rugby,85-89,"1,616","1,653"
E07000221,Stratford-on-Avon,85-89,"2,780","2,853"
E07000222,Warwick,85-89,"2,451","2,465"
E07000223,Adur,85-89,"1,378","1,366"
E07000224,Arun,85-89,"4,250","4,289"
E07000225,Chichester,85-89,"3,111","3,206"
E07000226,Crawley,85-89,"1,529","1,490"
E07000227,Horsham,85-89,"2,900","2,960"
E07000228,Mid Sussex,85-89,"2,961","2,963"
E07000229,Worthing,85-89,"2,491","2,437"
E07000234,Bromsgrove,85-89,"2,031","2,089"
E07000235,Malvern Hills,85-89,"1,974","2,012"
E07000236,Redditch,85-89,"1,064","1,061"
E07000237,Worcester,85-89,"1,521","1,577"
E07000238,Wychavon,85-89,"2,604","2,624"
E07000239,Wyre Forest,85-89,"1,833","1,919"
E07000240,St Albans,85-89,"2,429","2,490"
E07000241,Welwyn Hatfield,85-89,"2,006","1,982"
E07000242,East Hertfordshire,85-89,"2,340","2,411"
E07000243,Stevenage,85-89,"1,288","1,303"
E08000001,Bolton,85-89,"3,715","3,724"
E08000002,Bury,85-89,"2,583","2,638"
E08000003,Manchester,85-89,"4,006","3,919"
E08000004,Oldham,85-89,"2,844","2,925"
E08000005,Rochdale,85-89,"2,815","2,798"
E08000006,Salford,85-89,"2,816","2,860"
E08000007,Stockport,85-89,"5,322","5,333"
E08000008,Tameside,85-89,"2,879","2,934"
E08000009,Trafford,85-89,"3,829","3,904"
E08000010,Wigan,85-89,"4,052","4,184"
E08000011,Knowsley,85-89,"2,198","2,219"
E08000012,Liverpool,85-89,"6,165","6,186"
E08000013,St. Helens,85-89,"2,673","2,733"
E08000014,Sefton,85-89,"6,045","6,191"
E08000015,Wirral,85-89,"6,105","6,128"
E08000016,Barnsley,85-89,"3,652","3,767"
E08000017,Doncaster,85-89,"4,792","4,806"
E08000018,Rotherham,85-89,"3,953","4,057"
E08000019,Sheffield,85-89,"8,205","8,385"
E08000021,Newcastle upon Tyne,85-89,"3,906","3,975"
E08000022,North Tyneside,85-89,"3,527","3,562"
E08000023,South Tyneside,85-89,"2,523","2,528"
E08000024,Sunderland,85-89,"4,320","4,452"
E08000025,Birmingham,85-89,"13,879","13,875"
E08000026,Coventry,85-89,"4,381","4,370"
E08000027,Dudley,85-89,"5,526","5,502"
E08000028,Sandwell,85-89,"4,302","4,251"
E08000029,Solihull,85-89,"4,209","4,169"
E08000030,Walsall,85-89,"4,377","4,409"
E08000031,Wolverhampton,85-89,"4,168","4,210"
E08000032,Bradford,85-89,"6,672","6,873"
E08000033,Calderdale,85-89,"3,020","3,003"
E08000034,Kirklees,85-89,"5,957","6,126"
E08000035,Leeds,85-89,"10,571","10,651"
E08000036,Wakefield,85-89,"4,917","5,136"
E08000037,Gateshead,85-89,"3,415","3,518"
E09000001,City of London,85-89,125,101
E09000002,Barking and Dagenham,85-89,"1,802","1,763"
E09000003,Barnet,85-89,"5,262","5,342"
E09000004,Bexley,85-89,"3,961","3,997"
E09000005,Brent,85-89,"3,394","3,487"
E09000006,Bromley,85-89,"5,688","5,658"
E09000007,Camden,85-89,"2,654","2,691"
E09000008,Croydon,85-89,"4,401","4,579"
E09000009,Ealing,85-89,"3,662","3,856"
E09000010,Enfield,85-89,"3,882","4,006"
E09000011,Greenwich,85-89,"2,291","2,336"
E09000012,Hackney,85-89,"1,585","1,592"
E09000013,Hammersmith and Fulham,85-89,"1,638","1,643"
E09000014,Haringey,85-89,"2,167","2,198"
E09000015,Harrow,85-89,"3,530","3,690"
E09000016,Havering,85-89,"4,747","4,706"
E09000017,Hillingdon,85-89,"3,706","3,801"
E09000018,Hounslow,85-89,"2,557","2,643"
E09000019,Islington,85-89,"1,681","1,738"
E09000020,Kensington and Chelsea,85-89,"1,850","1,853"
E09000021,Kingston upon Thames,85-89,"2,176","2,201"
E09000022,Lambeth,85-89,"2,292","2,246"
E09000023,Lewisham,85-89,"2,488","2,514"
E09000024,Merton,85-89,"2,326","2,341"
E09000025,Newham,85-89,"1,903","2,012"
E09000026,Redbridge,85-89,"3,381","3,420"
E09000027,Richmond upon Thames,85-89,"2,571","2,580"
E09000028,Southwark,85-89,"2,053","2,005"
E09000029,Sutton,85-89,"2,872","2,841"
E09000030,Tower Hamlets,85-89,"1,646","1,689"
E09000031,Waltham Forest,85-89,"2,520","2,539"
E09000032,Wandsworth,85-89,"2,482","2,534"
E09000033,Westminster,85-89,"2,700","2,748"
E06000001,Hartlepool,90+,787,817
E06000002,Middlesbrough,90+,886,910
E06000003,Redcar and Cleveland,90+,"1,295","1,321"
E06000004,Stockton-on-Tees,90+,"1,467","1,493"
E06000005,Darlington,90+,"1,058","1,073"
E06000006,Halton,90+,758,783
E06000007,Warrington,90+,"1,555","1,606"
E06000008,Blackburn with Darwen,90+,776,779
E06000009,Blackpool,90+,"1,342","1,335"
E06000010,"Kingston upon Hull, City of",90+,"1,496","1,497"
E06000011,East Riding of Yorkshire,90+,"3,583","3,703"
E06000012,North East Lincolnshire,90+,"1,521","1,588"
E06000013,North Lincolnshire,90+,"1,600","1,648"
E06000014,York,90+,"2,094","2,135"
E06000015,Derby,90+,"2,253","2,321"
E06000016,Leicester,90+,"2,198","2,226"
E06000017,Rutland,90+,490,503
E06000018,Nottingham,90+,"2,001","2,022"
E06000019,"Herefordshire, County of",90+,"2,283","2,334"
E06000020,Telford and Wrekin,90+,"1,059","1,085"
E06000021,Stoke-on-Trent,90+,"1,603","1,602"
E06000022,Bath and North East Somerset,90+,"2,010","2,051"
E06000023,"Bristol, City of",90+,"3,465","3,515"
E06000024,North Somerset,90+,"2,657","2,706"
E06000025,South Gloucestershire,90+,"2,465","2,600"
E06000026,Plymouth,90+,"2,285","2,364"
E06000027,Torbay,90+,"1,981","1,964"
E06000028,Bournemouth,90+,"2,460","2,442"
E06000029,Poole,90+,"1,870","1,885"
E06000030,Swindon,90+,"1,631","1,676"
E06000031,Peterborough,90+,"1,440","1,491"
E06000032,Luton,90+,"1,291","1,363"
E06000033,Southend-on-Sea,90+,"2,144","2,177"
E06000034,Thurrock,90+,977,967
E06000035,Medway,90+,"1,770","1,799"
E06000036,Bracknell Forest,90+,826,864
E06000037,West Berkshire,90+,"1,312","1,389"
E06000038,Reading,90+,"1,092","1,100"
E06000039,Slough,90+,698,714
E06000040,Windsor and Maidenhead,90+,"1,692","1,788"
E06000041,Wokingham,90+,"1,429","1,533"
E06000042,Milton Keynes,90+,"1,624","1,658"
E06000043,Brighton and Hove,90+,"2,456","2,441"
E06000044,Portsmouth,90+,"1,640","1,682"
E06000045,Southampton,90+,"1,804","1,855"
E06000046,Isle of Wight,90+,"2,055","2,097"
E06000047,County Durham,90+,"4,138","4,226"
E06000049,Cheshire East,90+,"4,435","4,562"
E06000050,Cheshire West and Chester,90+,"3,449","3,594"
E06000051,Shropshire,90+,"3,727","3,828"
E06000052,Cornwall,90+,"6,443","6,567"
E06000053,Isles of Scilly,90+,44,40
E06000054,Wiltshire,90+,"5,357","5,523"
E06000055,Bedford,90+,"1,605","1,665"
E06000056,Central Bedfordshire,90+,"2,140","2,209"
E06000057,Northumberland,90+,"3,347","3,409"
E07000004,Aylesbury Vale,90+,"1,578","1,673"
E07000005,Chiltern,90+,"1,242","1,273"
E07000006,South Bucks,90+,957,982
E07000007,Wycombe,90+,"1,630","1,688"
E07000008,Cambridge,90+,"1,129","1,163"
E07000009,East Cambridgeshire,90+,894,960
E07000010,Fenland,90+,"1,168","1,228"
E07000011,Huntingdonshire,90+,"1,567","1,641"
E07000012,South Cambridgeshire,90+,"1,584","1,637"
E07000026,Allerdale,90+,"1,110","1,152"
E07000027,Barrow-in-Furness,90+,555,552
E07000028,Carlisle,90+,"1,146","1,181"
E07000029,Copeland,90+,603,622
E07000030,Eden,90+,720,739
E07000031,South Lakeland,90+,"1,557","1,571"
E07000032,Amber Valley,90+,"1,272","1,303"
E07000033,Bolsover,90+,618,629
E07000034,Chesterfield,90+,"1,047","1,055"
E07000035,Derbyshire Dales,90+,892,906
E07000036,Erewash,90+,"1,157","1,206"
E07000037,High Peak,90+,794,812
E07000038,North East Derbyshire,90+,971,960
E07000039,South Derbyshire,90+,747,769
E07000040,East Devon,90+,"2,646","2,677"
E07000041,Exeter,90+,"1,372","1,380"
E07000042,Mid Devon,90+,945,978
E07000043,North Devon,90+,"1,299","1,300"
E07000044,South Hams,90+,"1,064","1,090"
E07000045,Teignbridge,90+,"2,030","2,054"
E07000046,Torridge,90+,807,834
E07000047,West Devon,90+,747,762
E07000048,Christchurch,90+,944,965
E07000049,East Dorset,90+,"1,646","1,695"
E07000050,North Dorset,90+,972,"1,033"
E07000051,Purbeck,90+,625,619
E07000052,West Dorset,90+,"1,695","1,744"
E07000053,Weymouth and Portland,90+,778,804
E07000061,Eastbourne,90+,"1,889","1,938"
E07000062,Hastings,90+,"1,137","1,147"
E07000063,Lewes,90+,"1,698","1,778"
E07000064,Rother,90+,"1,884","1,953"
E07000065,Wealden,90+,"2,226","2,267"
E07000066,Basildon,90+,"1,455","1,504"
E07000067,Braintree,90+,"1,560","1,590"
E07000068,Brentwood,90+,982,987
E07000069,Castle Point,90+,875,906
E07000070,Chelmsford,90+,"1,661","1,722"
E07000071,Colchester,90+,"1,507","1,528"
E07000072,Epping Forest,90+,"1,462","1,482"
E07000073,Harlow,90+,689,705
E07000074,Maldon,90+,663,681
E07000075,Rochford,90+,869,874
E07000076,Tendring,90+,"2,134","2,165"
E07000077,Uttlesford,90+,955,987
E07000078,Cheltenham,90+,"1,367","1,401"
E07000079,Cotswold,90+,"1,170","1,196"
E07000080,Forest of Dean,90+,870,887
E07000081,Gloucester,90+,"1,114","1,153"
E07000082,Stroud,90+,"1,009","1,018"
E07000083,Tewkesbury,90+,"1,032","1,039"
E07000084,Basingstoke and Deane,90+,"1,353","1,364"
E07000085,East Hampshire,90+,"1,527","1,607"
E07000086,Eastleigh,90+,"1,335","1,382"
E07000087,Fareham,90+,"1,305","1,414"
E07000088,Gosport,90+,810,822
E07000089,Hart,90+,964,"1,030"
E07000090,Havant,90+,"1,545","1,634"
E07000091,New Forest,90+,"3,350","3,471"
E07000092,Rushmoor,90+,687,696
E07000093,Test Valley,90+,"1,369","1,409"
E07000094,Winchester,90+,"1,600","1,649"
E07000095,Broxbourne,90+,768,785
E07000096,Dacorum,90+,"1,514","1,576"
E07000098,Hertsmere,90+,"1,166","1,212"
E07000099,North Hertfordshire,90+,"1,346","1,374"
E07000102,Three Rivers,90+,"1,029","1,033"
E07000103,Watford,90+,698,721
E07000105,Ashford,90+,"1,262","1,286"
E07000106,Canterbury,90+,"1,978","2,037"
E07000107,Dartford,90+,796,808
E07000108,Dover,90+,"1,352","1,339"
E07000109,Gravesham,90+,863,874
E07000110,Maidstone,90+,"1,444","1,506"
E07000111,Sevenoaks,90+,"1,294","1,360"
E07000112,Folkestone and Hythe,90+,"1,547","1,602"
E07000113,Swale,90+,"1,147","1,178"
E07000114,Thanet,90+,"1,661","1,666"
E07000115,Tonbridge and Malling,90+,"1,057","1,117"
E07000116,Tunbridge Wells,90+,"1,459","1,540"
E07000117,Burnley,90+,761,791
E07000118,Chorley,90+,867,885
E07000119,Fylde,90+,"1,119","1,127"
E07000120,Hyndburn,90+,590,584
E07000121,Lancaster,90+,"1,428","1,446"
E07000122,Pendle,90+,718,721
E07000123,Preston,90+,904,872
E07000124,Ribble Valley,90+,719,718
E07000125,Rossendale,90+,554,563
E07000126,South Ribble,90+,988,"1,023"
E07000127,West Lancashire,90+,"1,082","1,147"
E07000128,Wyre,90+,"1,461","1,503"
E07000129,Blaby,90+,927,919
E07000130,Charnwood,90+,"1,516","1,557"
E07000131,Harborough,90+,951,990
E07000132,Hinckley and Bosworth,90+,991,"1,045"
E07000133,Melton,90+,523,551
E07000134,North West Leicestershire,90+,854,872
E07000135,Oadby and Wigston,90+,764,787
E07000136,Boston,90+,658,690
E07000137,East Lindsey,90+,"1,626","1,666"
E07000138,Lincoln,90+,791,840
E07000139,North Kesteven,90+,"1,111","1,130"
E07000140,South Holland,90+,"1,093","1,152"
E07000141,South Kesteven,90+,"1,524","1,583"
E07000142,West Lindsey,90+,901,928
E07000143,Breckland,90+,"1,729","1,813"
E07000144,Broadland,90+,"1,670","1,698"
E07000145,Great Yarmouth,90+,"1,174","1,214"
E07000146,King's Lynn and West Norfolk,90+,"1,753","1,781"
E07000147,North Norfolk,90+,"1,812","1,895"
E07000148,Norwich,90+,"1,337","1,332"
E07000149,South Norfolk,90+,"1,599","1,664"
E07000150,Corby,90+,339,350
E07000151,Daventry,90+,696,699
E07000152,East Northamptonshire,90+,926,978
E07000153,Kettering,90+,920,879
E07000154,Northampton,90+,"1,629","1,640"
E07000155,South Northamptonshire,90+,830,809
E07000156,Wellingborough,90+,674,670
E07000163,Craven,90+,821,849
E07000164,Hambleton,90+,"1,008","1,039"
E07000165,Harrogate,90+,"2,224","2,270"
E07000166,Richmondshire,90+,453,485
E07000167,Ryedale,90+,667,697
E07000168,Scarborough,90+,"1,299","1,314"
E07000169,Selby,90+,722,747
E07000170,Ashfield,90+,895,934
E07000171,Bassetlaw,90+,"1,075","1,098"
E07000172,Broxtowe,90+,"1,117","1,162"
E07000173,Gedling,90+,980,986
E07000174,Mansfield,90+,897,911
E07000175,Newark and Sherwood,90+,"1,224","1,203"
E07000176,Rushcliffe,90+,"1,359","1,400"
E07000177,Cherwell,90+,"1,318","1,366"
E07000178,Oxford,90+,"1,183","1,216"
E07000179,South Oxfordshire,90+,"1,536","1,579"
E07000180,Vale of White Horse,90+,"1,440","1,486"
E07000181,West Oxfordshire,90+,"1,281","1,361"
E07000187,Mendip,90+,"1,422","1,450"
E07000188,Sedgemoor,90+,"1,517","1,554"
E07000189,South Somerset,90+,"2,157","2,237"
E07000190,Taunton Deane,90+,"1,674","1,730"
E07000191,West Somerset,90+,677,672
E07000192,Cannock Chase,90+,842,861
E07000193,East Staffordshire,90+,"1,005","1,031"
E07000194,Lichfield,90+,"1,002","1,075"
E07000195,Newcastle-under-Lyme,90+,"1,199","1,249"
E07000196,South Staffordshire,90+,"1,154","1,190"
E07000197,Stafford,90+,"1,310","1,354"
E07000198,Staffordshire Moorlands,90+,934,931
E07000199,Tamworth,90+,520,534
E07000200,Babergh,90+,"1,238","1,285"
E07000201,Forest Heath,90+,642,660
E07000202,Ipswich,90+,"1,274","1,298"
E07000203,Mid Suffolk,90+,"1,121","1,170"
E07000204,St Edmundsbury,90+,"1,450","1,519"
E07000205,Suffolk Coastal,90+,"1,936","2,008"
E07000206,Waveney,90+,"1,693","1,711"
E07000207,Elmbridge,90+,"1,770","1,840"
E07000208,Epsom and Ewell,90+,762,758
E07000209,Guildford,90+,"1,421","1,448"
E07000210,Mole Valley,90+,"1,212","1,226"
E07000211,Reigate and Banstead,90+,"1,736","1,782"
E07000212,Runnymede,90+,848,872
E07000213,Spelthorne,90+,965,969
E07000214,Surrey Heath,90+,882,937
E07000215,Tandridge,90+,"1,124","1,165"
E07000216,Waverley,90+,"1,757","1,787"
E07000217,Woking,90+,"1,013","1,087"
E07000218,North Warwickshire,90+,639,652
E07000219,Nuneaton and Bedworth,90+,914,933
E07000220,Rugby,90+,"1,168","1,186"
E07000221,Stratford-on-Avon,90+,"1,708","1,751"
E07000222,Warwick,90+,"1,530","1,601"
E07000223,Adur,90+,754,763
E07000224,Arun,90+,"2,606","2,667"
E07000225,Chichester,90+,"1,934","2,008"
E07000226,Crawley,90+,850,890
E07000227,Horsham,90+,"1,681","1,758"
E07000228,Mid Sussex,90+,"1,668","1,719"
E07000229,Worthing,90+,"1,594","1,617"
E07000234,Bromsgrove,90+,"1,274","1,298"
E07000235,Malvern Hills,90+,"1,201","1,248"
E07000236,Redditch,90+,631,661
E07000237,Worcester,90+,836,861
E07000238,Wychavon,90+,"1,629","1,692"
E07000239,Wyre Forest,90+,"1,116","1,134"
E07000240,St Albans,90+,"1,486","1,552"
E07000241,Welwyn Hatfield,90+,"1,185","1,254"
E07000242,East Hertfordshire,90+,"1,358","1,436"
E07000243,Stevenage,90+,687,739
E08000001,Bolton,90+,"1,991","2,032"
E08000002,Bury,90+,"1,518","1,562"
E08000003,Manchester,90+,"2,409","2,435"
E08000004,Oldham,90+,"1,641","1,643"
E08000005,Rochdale,90+,"1,549","1,570"
E08000006,Salford,90+,"1,802","1,779"
E08000007,Stockport,90+,"2,835","2,899"
E08000008,Tameside,90+,"1,432","1,439"
E08000009,Trafford,90+,"2,232","2,305"
E08000010,Wigan,90+,"2,098","2,107"
E08000011,Knowsley,90+,"1,062","1,093"
E08000012,Liverpool,90+,"3,003","3,125"
E08000013,St. Helens,90+,"1,323","1,361"
E08000014,Sefton,90+,"3,264","3,392"
E08000015,Wirral,90+,"3,422","3,550"
E08000016,Barnsley,90+,"2,002","2,018"
E08000017,Doncaster,90+,"2,446","2,537"
E08000018,Rotherham,90+,"2,193","2,247"
E08000019,Sheffield,90+,"4,598","4,679"
E08000021,Newcastle upon Tyne,90+,"2,246","2,315"
E08000022,North Tyneside,90+,"1,848","1,875"
E08000023,South Tyneside,90+,"1,338","1,353"
E08000024,Sunderland,90+,"1,809","1,830"
E08000025,Birmingham,90+,"7,821","7,958"
E08000026,Coventry,90+,"2,539","2,591"
E08000027,Dudley,90+,"2,746","2,830"
E08000028,Sandwell,90+,"2,289","2,327"
E08000029,Solihull,90+,"2,529","2,615"
E08000030,Walsall,90+,"2,181","2,198"
E08000031,Wolverhampton,90+,"2,249","2,316"
E08000032,Bradford,90+,"3,745","3,798"
E08000033,Calderdale,90+,"1,725","1,748"
E08000034,Kirklees,90+,"3,287","3,377"
E08000035,Leeds,90+,"5,379","5,487"
E08000036,Wakefield,90+,"2,804","2,868"
E08000037,Gateshead,90+,"1,670","1,703"
E09000001,City of London,90+,96,95
E09000002,Barking and Dagenham,90+,"1,261","1,230"
E09000003,Barnet,90+,"3,486","3,601"
E09000004,Bexley,90+,"2,377","2,505"
E09000005,Brent,90+,"1,882","2,047"
E09000006,Bromley,90+,"3,195","3,223"
E09000007,Camden,90+,"1,710","1,820"
E09000008,Croydon,90+,"2,684","2,739"
E09000009,Ealing,90+,"2,150","2,235"
E09000010,Enfield,90+,"2,227","2,276"
E09000011,Greenwich,90+,"1,526","1,505"
E09000012,Hackney,90+,955,"1,028"
E09000013,Hammersmith and Fulham,90+,873,941
E09000014,Haringey,90+,"1,024","1,083"
E09000015,Harrow,90+,"2,148","2,221"
E09000016,Havering,90+,"2,685","2,822"
E09000017,Hillingdon,90+,"2,053","2,147"
E09000018,Hounslow,90+,"1,311","1,334"
E09000019,Islington,90+,929,950
E09000020,Kensington and Chelsea,90+,"1,249","1,321"
E09000021,Kingston upon Thames,90+,"1,483","1,525"
E09000022,Lambeth,90+,"1,342","1,408"
E09000023,Lewisham,90+,"1,370","1,431"
E09000024,Merton,90+,"1,311","1,298"
E09000025,Newham,90+,"1,044","1,079"
E09000026,Redbridge,90+,"2,131","2,208"
E09000027,Richmond upon Thames,90+,"1,834","1,846"
E09000028,Southwark,90+,"1,308","1,386"
E09000029,Sutton,90+,"1,619","1,713"
E09000030,Tower Hamlets,90+,841,858
E09000031,Waltham Forest,90+,"1,576","1,625"
E09000032,Wandsworth,90+,"1,471","1,495"
E09000033,Westminster,90+,"1,580","1,685"
E06000001,Hartlepool,All ages,"93,242","93,366"
E06000002,Middlesbrough,All ages,"140,545","140,531"
E06000003,Redcar and Cleveland,All ages,"136,718","137,349"
E06000004,Stockton-on-Tees,All ages,"197,213","197,773"
E06000005,Darlington,All ages,"106,566","106,695"
E06000006,Halton,All ages,"128,432","128,983"
E06000007,Warrington,All ages,"209,547","210,109"
E06000008,Blackburn with Darwen,All ages,"148,942","149,084"
E06000009,Blackpool,All ages,"139,305","139,241"
E06000010,"Kingston upon Hull, City of",All ages,"260,645","261,062"
E06000011,East Riding of Yorkshire,All ages,"339,614","340,908"
E06000012,North East Lincolnshire,All ages,"159,821","159,931"
E06000013,North Lincolnshire,All ages,"172,005","172,607"
E06000014,York,All ages,"209,893","210,699"
E06000015,Derby,All ages,"257,174","258,027"
E06000016,Leicester,All ages,"355,218","358,241"
E06000017,Rutland,All ages,"39,697","40,013"
E06000018,Nottingham,All ages,"331,069","332,751"
E06000019,"Herefordshire, County of",All ages,"192,107","193,692"
E06000020,Telford and Wrekin,All ages,"177,799","179,848"
E06000021,Stoke-on-Trent,All ages,"255,833","256,960"
E06000022,Bath and North East Somerset,All ages,"192,106","194,097"
E06000023,"Bristol, City of",All ages,"463,405","467,788"
E06000024,North Somerset,All ages,"213,919","215,500"
E06000025,South Gloucestershire,All ages,"282,644","286,179"
E06000026,Plymouth,All ages,"263,100","263,804"
E06000027,Torbay,All ages,"135,780","136,646"
E06000028,Bournemouth,All ages,"194,355","194,721"
E06000029,Poole,All ages,"151,397","151,934"
E06000030,Swindon,All ages,"221,996","223,722"
E06000031,Peterborough,All ages,"201,041","203,478"
E06000032,Luton,All ages,"214,109","213,651"
E06000033,Southend-on-Sea,All ages,"182,463","183,702"
E06000034,Thurrock,All ages,"172,525","174,600"
E06000035,Medway,All ages,"277,855","278,593"
E06000036,Bracknell Forest,All ages,"121,676","122,451"
E06000037,West Berkshire,All ages,"158,527","158,454"
E06000038,Reading,All ages,"163,203","163,834"
E06000039,Slough,All ages,"149,112","149,776"
E06000040,Windsor and Maidenhead,All ages,"150,906","151,188"
E06000041,Wokingham,All ages,"167,979","170,114"
E06000042,Milton Keynes,All ages,"268,607","269,950"
E06000043,Brighton and Hove,All ages,"290,395","292,527"
E06000044,Portsmouth,All ages,"215,133","216,211"
E06000045,Southampton,All ages,"252,796","254,250"
E06000046,Isle of Wight,All ages,"141,538","142,360"
E06000047,County Durham,All ages,"526,980","529,678"
E06000049,Cheshire East,All ages,"380,790","382,839"
E06000050,Cheshire West and Chester,All ages,"340,502","343,468"
E06000051,Shropshire,All ages,"320,274","323,514"
E06000052,Cornwall,All ages,"565,968","572,029"
E06000053,Isles of Scilly,All ages,"2,242","2,135"
E06000054,Wiltshire,All ages,"498,064","503,436"
E06000055,Bedford,All ages,"171,623","173,200"
E06000056,Central Bedfordshire,All ages,"283,606","286,935"
E06000057,Northumberland,All ages,"320,274","321,607"
E07000004,Aylesbury Vale,All ages,"199,448","202,483"
E07000005,Chiltern,All ages,"95,927","96,037"
E07000006,South Bucks,All ages,"70,043","70,039"
E07000007,Wycombe,All ages,"174,641","174,373"
E07000008,Cambridge,All ages,"125,758","125,625"
E07000009,East Cambridgeshire,All ages,"89,362","89,994"
E07000010,Fenland,All ages,"101,491","102,598"
E07000011,Huntingdonshire,All ages,"177,352","178,170"
E07000012,South Cambridgeshire,All ages,"157,519","158,395"
E07000026,Allerdale,All ages,"97,527","97,768"
E07000027,Barrow-in-Furness,All ages,"67,137","66,934"
E07000028,Carlisle,All ages,"108,387","108,576"
E07000029,Copeland,All ages,"68,424","68,180"
E07000030,Eden,All ages,"52,881","53,017"
E07000031,South Lakeland,All ages,"104,532","104,955"
E07000032,Amber Valley,All ages,"126,678","127,624"
E07000033,Bolsover,All ages,"79,530","80,248"
E07000034,Chesterfield,All ages,"104,628","104,837"
E07000035,Derbyshire Dales,All ages,"71,977","72,131"
E07000036,Erewash,All ages,"115,490","115,866"
E07000037,High Peak,All ages,"92,221","92,586"
E07000038,North East Derbyshire,All ages,"101,125","101,626"
E07000039,South Derbyshire,All ages,"104,493","106,348"
E07000040,East Devon,All ages,"144,317","146,413"
E07000041,Exeter,All ages,"130,428","131,355"
E07000042,Mid Devon,All ages,"81,695","82,627"
E07000043,North Devon,All ages,"96,110","96,929"
E07000044,South Hams,All ages,"86,221","86,964"
E07000045,Teignbridge,All ages,"132,844","134,364"
E07000046,Torridge,All ages,"68,143","68,757"
E07000047,West Devon,All ages,"55,528","55,893"
E07000048,Christchurch,All ages,"50,032","50,262"
E07000049,East Dorset,All ages,"89,889","90,296"
E07000050,North Dorset,All ages,"70,841","70,847"
E07000051,Purbeck,All ages,"47,135","47,506"
E07000052,West Dorset,All ages,"102,754","103,396"
E07000053,Weymouth and Portland,All ages,"65,865","66,115"
E07000061,Eastbourne,All ages,"103,160","103,551"
E07000062,Hastings,All ages,"92,855","92,939"
E07000063,Lewes,All ages,"102,744","103,344"
E07000064,Rother,All ages,"95,656","96,510"
E07000065,Wealden,All ages,"160,175","161,339"
E07000066,Basildon,All ages,"185,862","186,928"
E07000067,Braintree,All ages,"151,561","151,970"
E07000068,Brentwood,All ages,"76,550","76,455"
E07000069,Castle Point,All ages,"90,070","90,289"
E07000070,Chelmsford,All ages,"177,079","178,712"
E07000071,Colchester,All ages,"192,523","195,029"
E07000072,Epping Forest,All ages,"131,137","131,721"
E07000073,Harlow,All ages,"86,594","87,030"
E07000074,Maldon,All ages,"64,425","64,870"
E07000075,Rochford,All ages,"86,981","87,621"
E07000076,Tendring,All ages,"145,803","147,250"
E07000077,Uttlesford,All ages,"89,179","90,417"
E07000078,Cheltenham,All ages,"117,090","117,279"
E07000079,Cotswold,All ages,"89,022","90,493"
E07000080,Forest of Dean,All ages,"86,543","87,282"
E07000081,Gloucester,All ages,"129,285","129,932"
E07000082,Stroud,All ages,"119,019","119,846"
E07000083,Tewkesbury,All ages,"92,599","94,482"
E07000084,Basingstoke and Deane,All ages,"175,729","176,168"
E07000085,East Hampshire,All ages,"120,681","121,645"
E07000086,Eastleigh,All ages,"131,819","133,075"
E07000087,Fareham,All ages,"116,339","116,711"
E07000088,Gosport,All ages,"85,283","85,216"
E07000089,Hart,All ages,"96,293","96,910"
E07000090,Havant,All ages,"125,813","126,829"
E07000091,New Forest,All ages,"179,753","180,158"
E07000092,Rushmoor,All ages,"95,142","94,862"
E07000093,Test Valley,All ages,"125,169","126,313"
E07000094,Winchester,All ages,"124,295","125,087"
E07000095,Broxbourne,All ages,"96,876","96,926"
E07000096,Dacorum,All ages,"154,280","155,093"
E07000098,Hertsmere,All ages,"104,205","104,525"
E07000099,North Hertfordshire,All ages,"133,214","133,648"
E07000102,Three Rivers,All ages,"93,045","93,083"
E07000103,Watford,All ages,"96,767","96,932"
E07000105,Ashford,All ages,"129,281","130,885"
E07000106,Canterbury,All ages,"164,553","165,429"
E07000107,Dartford,All ages,"109,709","111,864"
E07000108,Dover,All ages,"116,969","118,323"
E07000109,Gravesham,All ages,"106,385","106,549"
E07000110,Maidstone,All ages,"169,955","172,045"
E07000111,Sevenoaks,All ages,"120,293","120,829"
E07000112,Folkestone and Hythe,All ages,"112,578","113,407"
E07000113,Swale,All ages,"148,519","150,286"
E07000114,Thanet,All ages,"141,819","142,591"
E07000115,Tonbridge and Malling,All ages,"130,508","131,884"
E07000116,Tunbridge Wells,All ages,"118,054","118,408"
E07000117,Burnley,All ages,"88,527","88,928"
E07000118,Chorley,All ages,"116,821","118,224"
E07000119,Fylde,All ages,"79,770","80,572"
E07000120,Hyndburn,All ages,"80,815","81,064"
E07000121,Lancaster,All ages,"144,246","145,295"
E07000122,Pendle,All ages,"91,405","91,745"
E07000123,Preston,All ages,"141,818","142,223"
E07000124,Ribble Valley,All ages,"60,057","60,500"
E07000125,Rossendale,All ages,"70,895","71,403"
E07000126,South Ribble,All ages,"110,527","110,793"
E07000127,West Lancashire,All ages,"113,949","114,253"
E07000128,Wyre,All ages,"111,223","111,835"
E07000129,Blaby,All ages,"100,421","102,095"
E07000130,Charnwood,All ages,"182,643","185,217"
E07000131,Harborough,All ages,"92,499","93,565"
E07000132,Hinckley and Bosworth,All ages,"112,423","113,731"
E07000133,Melton,All ages,"51,100","51,186"
E07000134,North West Leicestershire,All ages,"102,126","103,903"
E07000135,Oadby and Wigston,All ages,"57,056","57,230"
E07000136,Boston,All ages,"69,366","70,320"
E07000137,East Lindsey,All ages,"140,741","141,928"
E07000138,Lincoln,All ages,"99,039","99,352"
E07000139,North Kesteven,All ages,"115,985","117,183"
E07000140,South Holland,All ages,"93,980","94,965"
E07000141,South Kesteven,All ages,"141,853","142,562"
E07000142,West Lindsey,All ages,"94,869","95,399"
E07000143,Breckland,All ages,"139,329","140,706"
E07000144,Broadland,All ages,"129,464","130,579"
E07000145,Great Yarmouth,All ages,"99,370","99,751"
E07000146,King's Lynn and West Norfolk,All ages,"151,811","152,254"
E07000147,North Norfolk,All ages,"104,552","105,193"
E07000148,Norwich,All ages,"141,137","142,186"
E07000149,South Norfolk,All ages,"138,017","140,396"
E07000150,Corby,All ages,"70,827","72,093"
E07000151,Daventry,All ages,"84,484","86,001"
E07000152,East Northamptonshire,All ages,"93,906","95,110"
E07000153,Kettering,All ages,"101,266","102,478"
E07000154,Northampton,All ages,"225,146","225,985"
E07000155,South Northamptonshire,All ages,"92,515","93,724"
E07000156,Wellingborough,All ages,"79,478","80,116"
E07000163,Craven,All ages,"56,832","56,996"
E07000164,Hambleton,All ages,"91,134","91,288"
E07000165,Harrogate,All ages,"160,533","160,492"
E07000166,Richmondshire,All ages,"53,244","53,220"
E07000167,Ryedale,All ages,"54,920","55,376"
E07000168,Scarborough,All ages,"108,736","109,076"
E07000169,Selby,All ages,"89,106","90,138"
E07000170,Ashfield,All ages,"127,151","128,524"
E07000171,Bassetlaw,All ages,"116,839","117,732"
E07000172,Broxtowe,All ages,"113,272","114,215"
E07000173,Gedling,All ages,"117,786","118,546"
E07000174,Mansfield,All ages,"108,841","109,575"
E07000175,Newark and Sherwood,All ages,"121,566","122,578"
E07000176,Rushcliffe,All ages,"117,671","119,018"
E07000177,Cherwell,All ages,"149,161","150,448"
E07000178,Oxford,All ages,"154,327","153,767"
E07000179,South Oxfordshire,All ages,"140,504","141,174"
E07000180,Vale of White Horse,All ages,"133,732","136,048"
E07000181,West Oxfordshire,All ages,"109,800","110,418"
E07000187,Mendip,All ages,"114,881","115,706"
E07000188,Sedgemoor,All ages,"122,791","123,655"
E07000189,South Somerset,All ages,"167,861","168,614"
E07000190,Taunton Deane,All ages,"118,979","120,454"
E07000191,West Somerset,All ages,"34,887","35,142"
E07000192,Cannock Chase,All ages,"100,109","100,872"
E07000193,East Staffordshire,All ages,"118,574","119,417"
E07000194,Lichfield,All ages,"103,965","104,415"
E07000195,Newcastle-under-Lyme,All ages,"129,490","130,194"
E07000196,South Staffordshire,All ages,"112,126","112,435"
E07000197,Stafford,All ages,"135,880","137,004"
E07000198,Staffordshire Moorlands,All ages,"98,397","98,566"
E07000199,Tamworth,All ages,"76,678","76,563"
E07000200,Babergh,All ages,"91,401","91,979"
E07000201,Forest Heath,All ages,"65,399","66,062"
E07000202,Ipswich,All ages,"137,532","137,259"
E07000203,Mid Suffolk,All ages,"102,493","103,319"
E07000204,St Edmundsbury,All ages,"113,482","113,622"
E07000205,Suffolk Coastal,All ages,"129,938","130,944"
E07000206,Waveney,All ages,"118,311","119,072"
E07000207,Elmbridge,All ages,"136,626","136,814"
E07000208,Epsom and Ewell,All ages,"79,928","80,239"
E07000209,Guildford,All ages,"147,889","148,598"
E07000210,Mole Valley,All ages,"87,253","87,112"
E07000211,Reigate and Banstead,All ages,"147,757","148,876"
E07000212,Runnymede,All ages,"88,000","88,627"
E07000213,Spelthorne,All ages,"99,334","99,592"
E07000214,Surrey Heath,All ages,"88,874","88,919"
E07000215,Tandridge,All ages,"87,496","87,877"
E07000216,Waverley,All ages,"125,610","125,861"
E07000217,Woking,All ages,"101,167","101,154"
E07000218,North Warwickshire,All ages,"64,850","65,666"
E07000219,Nuneaton and Bedworth,All ages,"128,902","129,662"
E07000220,Rugby,All ages,"107,194","108,201"
E07000221,Stratford-on-Avon,All ages,"127,580","129,581"
E07000222,Warwick,All ages,"142,484","143,213"
E07000223,Adur,All ages,"63,869","64,084"
E07000224,Arun,All ages,"159,827","161,438"
E07000225,Chichester,All ages,"120,750","121,748"
E07000226,Crawley,All ages,"112,448","113,026"
E07000227,Horsham,All ages,"142,217","143,712"
E07000228,Mid Sussex,All ages,"149,716","150,741"
E07000229,Worthing,All ages,"110,025","110,674"
E07000234,Bromsgrove,All ages,"98,662","99,599"
E07000235,Malvern Hills,All ages,"78,113","78,893"
E07000236,Redditch,All ages,"84,989","85,063"
E07000237,Worcester,All ages,"101,891","102,066"
E07000238,Wychavon,All ages,"127,340","129,399"
E07000239,Wyre Forest,All ages,"101,062","101,666"
E07000240,St Albans,All ages,"147,373","147,597"
E07000241,Welwyn Hatfield,All ages,"122,746","123,756"
E07000242,East Hertfordshire,All ages,"148,105","148,910"
E07000243,Stevenage,All ages,"87,754","87,988"
E08000001,Bolton,All ages,"285,372","286,195"
E08000002,Bury,All ages,"190,108","191,014"
E08000003,Manchester,All ages,"547,627","551,161"
E08000004,Oldham,All ages,"235,623","237,112"
E08000005,Rochdale,All ages,"220,001","221,727"
E08000006,Salford,All ages,"254,408","257,790"
E08000007,Stockport,All ages,"291,775","292,906"
E08000008,Tameside,All ages,"225,197","226,420"
E08000009,Trafford,All ages,"236,370","237,568"
E08000010,Wigan,All ages,"326,088","327,508"
E08000011,Knowsley,All ages,"149,571","150,333"
E08000012,Liverpool,All ages,"494,814","498,950"
E08000013,St. Helens,All ages,"180,049","180,871"
E08000014,Sefton,All ages,"275,396","276,116"
E08000015,Wirral,All ages,"323,235","323,876"
E08000016,Barnsley,All ages,"245,199","246,999"
E08000017,Doncaster,All ages,"310,542","312,212"
E08000018,Rotherham,All ages,"264,671","265,971"
E08000019,Sheffield,All ages,"582,506","586,490"
E08000021,Newcastle upon Tyne,All ages,"300,196","301,749"
E08000022,North Tyneside,All ages,"205,985","207,279"
E08000023,South Tyneside,All ages,"150,265","150,849"
E08000024,Sunderland,All ages,"277,417","277,523"
E08000025,Birmingham,All ages,"1,141,374","1,147,620"
E08000026,Coventry,All ages,"366,785","373,389"
E08000027,Dudley,All ages,"320,626","322,229"
E08000028,Sandwell,All ages,"327,378","329,627"
E08000029,Solihull,All ages,"214,909","216,297"
E08000030,Walsall,All ages,"283,378","285,494"
E08000031,Wolverhampton,All ages,"262,008","263,997"
E08000032,Bradford,All ages,"537,173","539,153"
E08000033,Calderdale,All ages,"210,082","210,514"
E08000034,Kirklees,All ages,"438,727","440,339"
E08000035,Leeds,All ages,"789,194","792,799"
E08000036,Wakefield,All ages,"345,038","349,093"
E08000037,Gateshead,All ages,"202,508","202,732"
E09000001,City of London,All ages,"8,706","8,709"
E09000002,Barking and Dagenham,All ages,"211,998","213,423"
E09000003,Barnet,All ages,"392,140","395,979"
E09000004,Bexley,All ages,"247,258","248,428"
E09000005,Brent,All ages,"330,795","333,312"
E09000006,Bromley,All ages,"331,096","332,838"
E09000007,Camden,All ages,"262,226","267,424"
E09000008,Croydon,All ages,"385,346","386,493"
E09000009,Ealing,All ages,"341,982","341,462"
E09000010,Enfield,All ages,"333,869","334,687"
E09000011,Greenwich,All ages,"286,186","289,730"
E09000012,Hackney,All ages,"279,665","282,822"
E09000013,Hammersmith and Fulham,All ages,"185,426","187,450"
E09000014,Haringey,All ages,"270,624","271,330"
E09000015,Harrow,All ages,"250,149","250,419"
E09000016,Havering,All ages,"257,810","259,922"
E09000017,Hillingdon,All ages,"304,824","307,241"
E09000018,Hounslow,All ages,"270,782","271,962"
E09000019,Islington,All ages,"239,142","242,057"
E09000020,Kensington and Chelsea,All ages,"156,197","156,239"
E09000021,Kingston upon Thames,All ages,"175,470","176,667"
E09000022,Lambeth,All ages,"325,917","327,940"
E09000023,Lewisham,All ages,"303,536","306,171"
E09000024,Merton,All ages,"206,186","206,291"
E09000025,Newham,All ages,"352,005","355,772"
E09000026,Redbridge,All ages,"303,858","304,747"
E09000027,Richmond upon Thames,All ages,"196,904","197,891"
E09000028,Southwark,All ages,"317,256","321,000"
E09000029,Sutton,All ages,"204,525","205,710"
E09000030,Tower Hamlets,All ages,"317,705","325,268"
E09000031,Waltham Forest,All ages,"276,700","278,616"
E09000032,Wandsworth,All ages,"326,474","329,510"
E09000033,Westminster,All ages,"255,324","260,017"
